utc,Program:Slide_Table.Slide_Tbl_Position_KPP,Program:Slide_Table.Slide_Tbl_Position_Loop_Error,Program:Slide_Table.Slide_Tbl_Position_Loop_Pct_Cntrl,Program:Slide_Table.Slide_Tbl_Position_Vernier,Program:Slide_Table.Slide_Tbl_Position_WLDP,Program:Slide_Table.Slide_Tbl_Ramped_speed_FPM,Program:Slide_Table.Slide_Tbl_Ramped_speed_IPM,Program:Slide_Table.Slide_Tbl_Run_speed
2019-04-12T10:31:53.938218,/0.0, 19715.0, 0.0, 0.004500150680541992, 0.0, 0.0, 1.0, 0.699999988079071/
2019-04-12T10:31:58.933504,/0.0, 19715.0, 0.0, 0.004500150680541992, 0.0, 0.0, 1.0, 0.699999988079071/
2019-04-12T10:31:59.769552,/0.0, 19715.5, 0.0, 0.004500150680541992, 0.0, 0.0, 1.0, 0.699999988079071/
2019-04-12T10:32:01.055625,/0.0, 19716.5, 0.0, 0.004500150680541992, 0.0, 0.0, 1.0, 0.699999988079071/
2019-04-12T10:32:02.772724,/0.0, 19716.5, 0.0, 0.004500150680541992, 0.0, 0.0, 1.0, 0.699999988079071/
2019-04-12T10:32:04.532824,/0.0, 19716.5, 0.0, 0.004500150680541992, 0.0, 0.0, 1.0, 0.699999988079071/
2019-04-12T10:32:06.811955,/0.0, 19713.5, 0.0, 0.004500150680541992, 0.0, 0.0, 1.0, 0.699999988079071/
2019-04-12T10:32:09.414103,/0.0, 19716.5, 0.0, 0.004500150680541992, 0.0, 0.0, 1.0, 0.699999988079071/
2019-04-12T10:32:11.971250,/0.0, 19716.0, 0.0, 0.004500150680541992, 0.0, 0.0, 1.0, 0.699999988079071/
2019-04-12T10:32:14.575399,/0.0, 19716.0, 0.0, 0.004500150680541992, 0.0, 0.0, 1.0, 0.699999988079071/
2019-04-12T10:32:16.975536,/0.0, 19715.0, 0.0, 0.004500150680541992, 0.0, 0.0, 1.0, 0.699999988079071/
2019-04-12T10:32:19.572684,/0.0, 19715.5, 0.0, 0.004500150680541992, 0.0, 0.0, 1.0, 0.699999988079071/
2019-04-12T10:32:22.053826,/0.0, 19715.0, 0.0, 0.004500150680541992, 0.0, 0.0, 1.0, 0.699999988079071/
2019-04-12T10:32:24.575971,/0.0, 19716.5, 0.0, 0.004500150680541992, 0.0, 0.0, 1.0, 0.699999988079071/
2019-04-12T10:32:27.131117,/0.0, 19716.0, 0.0, 0.004500150680541992, 0.0, 0.0, 1.0, 0.699999988079071/
2019-04-12T10:32:29.610259,/0.0, 19716.5, 0.0, 0.004500150680541992, 0.0, 0.0, 1.0, 0.699999988079071/
2019-04-12T10:32:32.254410,/0.0, 19713.0, 0.0, 0.004500150680541992, 0.0, 0.0, 1.0, 0.699999988079071/
2019-04-12T10:32:34.614545,/0.0, 19714.0, 0.0, 0.004500150680541992, 0.0, 0.0, 1.0, 0.699999988079071/
2019-04-12T10:32:37.051684,/0.0, 19715.5, 0.0, 0.004500150680541992, 0.0, 0.0, 1.0, 0.699999988079071/
2019-04-12T10:32:39.614831,/0.0, 19716.0, 0.0, 0.004500150680541992, 0.0, 0.0, 1.0, 0.699999988079071/
2019-04-12T10:32:42.129975,/0.0, 19716.0, 0.0, 0.004500150680541992, 0.0, 0.0, 1.0, 0.699999988079071/
2019-04-12T10:32:44.532112,/0.0, 19714.5, 0.0, 0.004500150680541992, 0.0, 0.0, 1.0, 0.699999988079071/
2019-04-12T10:32:46.974252,/0.0, 19715.5, 0.0, 0.004500150680541992, 0.0, 0.0, 1.0, 0.699999988079071/
2019-04-12T10:32:49.530398,/0.0, 19715.5, 0.0, 0.004500150680541992, 0.0, 0.0, 1.0, 0.699999988079071/
2019-04-12T10:32:52.089544,/0.0, 19715.5, 0.0, 0.004500150680541992, 0.0, 0.0, 1.0, 0.699999988079071/
2019-04-12T10:32:54.535684,/0.0, 19717.0, 0.0, 0.004500150680541992, 0.0, 0.0, 1.0, 0.699999988079071/
2019-04-12T10:32:57.089830,/0.0, 19715.0, 0.0, 0.004500150680541992, 0.0, 0.0, 1.0, 0.699999988079071/
2019-04-12T10:32:59.612975,/0.0, 19715.5, 0.0, 0.004500150680541992, 0.0, 0.0, 1.0, 0.699999988079071/
2019-04-12T10:33:02.169121,/0.0, 19715.5, 0.0, 0.004500150680541992, 0.0, 0.0, 1.0, 0.699999988079071/
2019-04-12T10:33:04.694265,/0.0, 19714.5, 0.0, 0.004500150680541992, 0.0, 0.0, 1.0, 0.699999988079071/
2019-04-12T10:33:07.212409,/0.0, 19714.5, 0.0, 0.004500150680541992, 0.0, 0.0, 1.0, 0.699999988079071/
2019-04-12T10:33:09.732553,/0.0, 19714.0, 0.0, 0.004500150680541992, 0.0, 0.0, 1.0, 0.699999988079071/
2019-04-12T10:33:12.210695,/0.0, 19714.5, 0.0, 0.004500150680541992, 0.0, 0.0, 1.0, 0.699999988079071/
2019-04-12T10:33:14.732839,/0.0, 19716.5, 0.0, 0.004500150680541992, 0.0, 0.0, 1.0, 0.699999988079071/
2019-04-12T10:33:17.293986,/0.0, 19715.0, 0.0, 0.004500150680541992, 0.0, 0.0, 1.0, 0.699999988079071/
2019-04-12T10:33:19.809130,/0.0, 19714.5, 0.0, 0.004500150680541992, 0.0, 0.0, 1.0, 0.699999988079071/
2019-04-12T10:33:22.329274,/0.0, 19716.0, 0.0, 0.004500150680541992, 0.0, 0.0, 1.0, 0.699999988079071/
2019-04-12T10:33:24.852418,/0.0, 19715.5, 0.0, 0.004500150680541992, 0.0, 0.0, 1.0, 0.699999988079071/
2019-04-12T10:33:27.374563,/0.0, 19713.0, 0.0, 0.004500150680541992, 0.0, 0.0, 1.0, 0.699999988079071/
2019-04-12T10:33:29.770700,/0.0, 19713.5, 0.0, 0.004500150680541992, 0.0, 0.0, 1.0, 0.699999988079071/
2019-04-12T10:33:32.214839,/0.0, 19714.5, 0.0, 0.004500150680541992, 0.0, 0.0, 1.0, 0.699999988079071/
2019-04-12T10:33:34.768985,/0.0, 19716.0, 0.0, 0.004500150680541992, 0.0, 0.0, 1.0, 0.699999988079071/
2019-04-12T10:33:37.208125,/0.0, 19715.5, 0.0, 0.004500150680541992, 0.0, 0.0, 1.0, 0.699999988079071/
2019-04-12T10:33:39.769271,/0.0, 19712.5, 0.0, 0.004500150680541992, 0.0, 0.0, 1.0, 0.699999988079071/
2019-04-12T10:33:42.251413,/0.0, 19715.5, 0.0, 0.004500150680541992, 0.0, 0.0, 1.0, 0.699999988079071/
2019-04-12T10:33:44.729555,/0.0, 19713.0, 0.0, 0.004500150680541992, 0.0, 0.0, 1.0, 0.699999988079071/
2019-04-12T10:33:47.254700,/0.0, 19714.0, 0.0, 0.004500150680541992, 0.0, 0.0, 1.0, 0.699999988079071/
2019-04-12T10:33:49.813846,/0.0, 19714.0, 0.0, 0.004500150680541992, 0.0, 0.0, 1.0, 0.699999988079071/
2019-04-12T10:33:52.332990,/0.0, 19713.5, 0.0, 0.004500150680541992, 0.0, 0.0, 1.0, 0.699999988079071/
2019-04-12T10:33:54.887136,/0.0, 19714.5, 0.0, 0.004500150680541992, 0.0, 0.0, 1.0, 0.699999988079071/
2019-04-12T10:33:57.370278,/0.0, 19713.5, 0.0, 0.004500150680541992, 0.0, 0.0, 1.0, 0.699999988079071/
2019-04-12T10:33:59.891422,/0.0, 19714.5, 0.0, 0.004500150680541992, 0.0, 0.0, 1.0, 0.699999988079071/
2019-04-12T10:34:02.449569,/0.0, 19715.5, 0.0, 0.004500150680541992, 0.0, 0.0, 1.0, 0.699999988079071/
2019-04-12T10:34:04.970713,/0.0, 19714.5, 0.0, 0.004500150680541992, 0.0, 0.0, 1.0, 0.699999988079071/
2019-04-12T10:34:07.449855,/0.0, 19714.5, 0.0, 0.004500150680541992, 0.0, 0.0, 1.0, 0.699999988079071/
2019-04-12T10:34:09.888994,/0.0, 19715.0, 0.0, 0.004500150680541992, 0.0, 0.0, 1.0, 0.699999988079071/
2019-04-12T10:34:12.409138,/0.0, 19715.0, 0.0, 0.004500150680541992, 0.0, 0.0, 1.0, 0.699999988079071/
2019-04-12T10:34:14.848278,/0.0, 19716.0, 0.0, 0.004500150680541992, 0.0, 0.0, 1.0, 0.699999988079071/
2019-04-12T10:34:17.327420,/0.0, 19712.5, 0.0, 0.004500150680541992, 0.0, 0.0, 1.0, 0.699999988079071/
2019-04-12T10:34:19.812562,/0.0, 19714.5, 0.0, 0.004500150680541992, 0.0, 0.0, 1.0, 0.699999988079071/
2019-04-12T10:34:22.410710,/0.0, 19713.5, 0.0, 0.004500150680541992, 0.0, 0.0, 1.0, 0.699999988079071/
2019-04-12T10:34:24.892852,/0.0, 19715.5, 0.0, 0.004500150680541992, 0.0, 0.0, 1.0, 0.699999988079071/
2019-04-12T10:34:27.412997,/0.0, 19714.5, 0.0, 0.004500150680541992, 0.0, 0.0, 1.0, 0.699999988079071/
2019-04-12T10:34:29.928140,/0.0, 19715.0, 0.0, 0.004500150680541992, 0.0, 0.0, 1.0, 0.699999988079071/
2019-04-12T10:34:32.450285,/0.0, 19715.0, 0.0, 0.004500150680541992, 0.0, 0.0, 1.0, 0.699999988079071/
2019-04-12T10:34:34.928426,/0.0, 19714.0, 0.0, 0.004500150680541992, 0.0, 0.0, 1.0, 0.699999988079071/
2019-04-12T10:34:37.293562,/0.0, 19714.0, 0.0, 0.004500150680541992, 0.0, 0.0, 1.0, 0.699999988079071/
2019-04-12T10:34:39.735701,/0.0, 19714.5, 0.0, 0.004500150680541992, 0.0, 0.0, 1.0, 0.699999988079071/
2019-04-12T10:34:42.329850,/0.0, 19714.5, 0.0, 0.004500150680541992, 0.0, 0.0, 1.0, 0.699999988079071/
2019-04-12T10:34:44.853994,/0.0, 19714.0, 0.0, 0.004500150680541992, 0.0, 0.0, 1.0, 0.699999988079071/
2019-04-12T10:34:47.408140,/0.0, 19715.5, 0.0, 0.004500150680541992, 0.0, 0.0, 1.0, 0.699999988079071/
2019-04-12T10:34:49.849280,/0.0, 19714.5, 0.0, 0.004500150680541992, 0.0, 0.0, 1.0, 0.699999988079071/
2019-04-12T10:34:52.449429,/0.0, 19713.0, 0.0, 0.004500150680541992, 0.0, 0.0, 1.0, 0.699999988079071/
2019-04-12T10:34:54.973573,/0.0, 19714.0, 0.0, 0.004500150680541992, 0.0, 0.0, 1.0, 0.699999988079071/
2019-04-12T10:34:57.491717,/0.0, 19715.0, 0.0, 0.004500150680541992, 0.0, 0.0, 1.0, 0.699999988079071/
2019-04-12T10:35:00.045863,/0.0, 19715.0, 0.0, 0.004500150680541992, 0.0, 0.0, 1.0, 0.699999988079071/
2019-04-12T10:35:02.492003,/0.0, 19713.5, 0.0, 0.004500150680541992, 0.0, 0.0, 1.0, 0.699999988079071/
2019-04-12T10:35:05.012147,/0.0, 19713.5, 0.0, 0.004500150680541992, 0.0, 0.0, 1.0, 0.699999988079071/
2019-04-12T10:35:07.573294,/0.0, 19714.5, 0.0, 0.004500150680541992, 0.0, 0.0, 1.0, 0.699999988079071/
2019-04-12T10:35:10.133440,/0.0, 19716.0, 0.0, 0.004500150680541992, 0.0, 0.0, 1.0, 0.699999988079071/
2019-04-12T10:35:12.730589,/0.0, 19714.5, 0.0, 0.004500150680541992, 0.0, 0.0, 1.0, 0.699999988079071/
2019-04-12T10:35:15.251733,/0.0, 19713.0, 0.0, 0.004500150680541992, 0.0, 0.0, 1.0, 0.699999988079071/
2019-04-12T10:35:17.730875,/0.0, 19713.5, 0.0, 0.004500150680541992, 0.0, 0.0, 1.0, 0.699999988079071/
2019-04-12T10:35:20.169014,/0.0, 19714.5, 0.0, 0.004500150680541992, 0.0, 0.0, 1.0, 0.699999988079071/
2019-04-12T10:35:22.693158,/0.0, 19712.5, 0.0, 0.004500150680541992, 0.0, 0.0, 1.0, 0.699999988079071/
2019-04-12T10:35:25.251305,/0.0, 19714.0, 0.0, 0.004500150680541992, 0.0, 0.0, 1.0, 0.699999988079071/
2019-04-12T10:35:27.846453,/0.0, 19712.5, 0.0, 0.004500150680541992, 0.0, 0.0, 1.0, 0.699999988079071/
2019-04-12T10:35:30.370597,/0.0, 19714.0, 0.0, 0.004500150680541992, 0.0, 0.0, 1.0, 0.699999988079071/
2019-04-12T10:35:32.928744,/0.0, 19713.5, 0.0, 0.004500150680541992, 0.0, 0.0, 1.0, 0.699999988079071/
2019-04-12T10:35:35.406886,/0.0, 19712.0, 0.0, 0.004500150680541992, 0.0, 0.0, 1.0, 0.699999988079071/
2019-04-12T10:35:37.887027,/0.0, 19713.0, 0.0, 0.004500150680541992, 0.0, 0.0, 1.0, 0.699999988079071/
2019-04-12T10:35:40.448174,/0.0, 19712.0, 0.0, 0.004500150680541992, 0.0, 0.0, 1.0, 0.699999988079071/
2019-04-12T10:35:42.848311,/0.0, 19714.5, 0.0, 0.004500150680541992, 0.0, 0.0, 1.0, 0.699999988079071/
2019-04-12T10:35:45.408458,/0.0, 19714.0, 0.0, 0.004500150680541992, 0.0, 0.0, 1.0, 0.699999988079071/
2019-04-12T10:35:47.969604,/0.0, 19712.0, 0.0, 0.004500150680541992, 0.0, 0.0, 1.0, 0.699999988079071/
2019-04-12T10:35:50.570753,/0.0, 19712.5, 0.0, 0.004500150680541992, 0.0, 0.0, 1.0, 0.699999988079071/
2019-04-12T10:35:53.086897,/0.0, 19714.5, 0.0, 0.004500150680541992, 0.0, 0.0, 1.0, 0.699999988079071/
2019-04-12T10:35:55.648043,/0.0, 19713.0, 0.0, 0.004500150680541992, 0.0, 0.0, 1.0, 0.699999988079071/
2019-04-12T10:35:58.170188,/0.0, 19714.5, 0.0, 0.004500150680541992, 0.0, 0.0, 1.0, 0.699999988079071/
2019-04-12T10:36:00.688332,/0.0, 19714.5, 0.0, 0.004500150680541992, 0.0, 0.0, 1.0, 0.699999988079071/
2019-04-12T10:36:03.246478,/0.0, 19713.0, 0.0, 0.004500150680541992, 0.0, 0.0, 1.0, 0.699999988079071/
2019-04-12T10:36:05.689618,/0.0, 19713.0, 0.0, 0.004500150680541992, 0.0, 0.0, 1.0, 0.699999988079071/
2019-04-12T10:36:08.087755,/0.0, 19711.0, 0.0, 0.004500150680541992, 0.0, 0.0, 1.0, 0.699999988079071/
2019-04-12T10:36:10.648901,/0.0, 19713.5, 0.0, 0.004500150680541992, 0.0, 0.0, 1.0, 0.699999988079071/
2019-04-12T10:36:13.134043,/0.0, 19713.0, 0.0, 0.004500150680541992, 0.0, 0.0, 1.0, 0.699999988079071/
2019-04-12T10:36:15.691190,/0.0, 19711.5, 0.0, 0.004500150680541992, 0.0, 0.0, 1.0, 0.699999988079071/
2019-04-12T10:36:18.329341,/0.0, 19716.0, 0.0, 0.004500150680541992, 0.0, 0.0, 1.0, 0.699999988079071/
2019-04-12T10:36:20.809482,/0.0, 19714.5, 0.0, 0.004500150680541992, 0.0, 0.0, 1.0, 0.699999988079071/
2019-04-12T10:36:23.329627,/0.0, 19714.0, 0.0, 0.004500150680541992, 0.0, 0.0, 1.0, 0.699999988079071/
2019-04-12T10:36:25.889773,/0.0, 19713.5, 0.0, 0.004500150680541992, 0.0, 0.0, 1.0, 0.699999988079071/
2019-04-12T10:36:28.404917,/0.0, 19712.0, 0.0, 0.004500150680541992, 0.0, 0.0, 1.0, 0.699999988079071/
2019-04-12T10:36:30.966063,/0.0, 19713.5, 0.0, 0.004500150680541992, 0.0, 0.0, 1.0, 0.699999988079071/
2019-04-12T10:36:33.449205,/0.0, 19712.5, 0.0, 0.004500150680541992, 0.0, 0.0, 1.0, 0.699999988079071/
2019-04-12T10:36:35.970350,/0.0, 19710.5, 0.0, 0.004500150680541992, 0.0, 0.0, 1.0, 0.699999988079071/
2019-04-12T10:36:38.486493,/0.0, 19712.0, 0.0, 0.004500150680541992, 0.0, 0.0, 1.0, 0.699999988079071/
2019-04-12T10:36:40.810626,/0.0, 19713.0, 0.0, 0.004500150680541992, 0.0, 0.0, 1.0, 0.699999988079071/
2019-04-12T10:36:43.287768,/0.0, 19711.5, 0.0, 0.004500150680541992, 0.0, 0.0, 1.0, 0.699999988079071/
2019-04-12T10:36:45.927919,/0.0, 19713.5, 0.0, 0.004500150680541992, 0.0, 0.0, 1.0, 0.699999988079071/
2019-04-12T10:36:48.486065,/0.0, 19711.5, 0.0, 0.004500150680541992, 0.0, 0.0, 1.0, 0.699999988079071/
2019-04-12T10:36:51.091214,/0.0, 19712.5, 0.0, 0.004500150680541992, 0.0, 0.0, 1.0, 0.699999988079071/
2019-04-12T10:36:53.690363,/0.0, 19712.5, 0.0, 0.004500150680541992, 0.0, 0.0, 1.0, 0.699999988079071/
2019-04-12T10:36:56.167505,/0.0, 19713.5, 0.0, 0.004500150680541992, 0.0, 0.0, 1.0, 0.699999988079071/
2019-04-12T10:36:58.730651,/0.0, 19711.0, 0.0, 0.004500150680541992, 0.0, 0.0, 1.0, 0.699999988079071/
2019-04-12T10:37:01.245795,/0.0, 19714.0, 0.0, 0.004500150680541992, 0.0, 0.0, 1.0, 0.699999988079071/
2019-04-12T10:37:03.728937,/0.0, 19713.5, 0.0, 0.004500150680541992, 0.0, 0.0, 1.0, 0.699999988079071/
2019-04-12T10:37:06.209079,/0.0, 19712.5, 0.0, 0.004500150680541992, 0.0, 0.0, 1.0, 0.699999988079071/
2019-04-12T10:37:08.765225,/0.0, 19712.0, 0.0, 0.004500150680541992, 0.0, 0.0, 1.0, 0.699999988079071/
2019-04-12T10:37:11.211365,/0.0, 19712.0, 0.0, 0.004500150680541992, 0.0, 0.0, 1.0, 0.699999988079071/
2019-04-12T10:37:13.768512,/0.0, 19711.5, 0.0, 0.004500150680541992, 0.0, 0.0, 1.0, 0.699999988079071/
2019-04-12T10:37:16.248653,/0.0, 19712.5, 0.0, 0.004500150680541992, 0.0, 0.0, 1.0, 0.699999988079071/
2019-04-12T10:37:18.808800,/0.0, 19714.0, 0.0, 0.004500150680541992, 0.0, 0.0, 1.0, 0.699999988079071/
2019-04-12T10:37:21.408949,/0.0, 19713.0, 0.0, 0.004500150680541992, 0.0, 0.0, 1.0, 0.699999988079071/
2019-04-12T10:37:23.969095,/0.0, 19713.0, 0.0, 0.004500150680541992, 0.0, 0.0, 1.0, 0.699999988079071/
2019-04-12T10:37:26.607246,/0.0, 19713.5, 0.0, 0.004500150680541992, 0.0, 0.0, 1.0, 0.699999988079071/
2019-04-12T10:37:29.048385,/0.0, 19714.0, 0.0, 0.004500150680541992, 0.0, 0.0, 1.0, 0.699999988079071/
2019-04-12T10:37:31.572530,/0.0, 19712.5, 0.0, 0.004500150680541992, 0.0, 0.0, 1.0, 0.699999988079071/
2019-04-12T10:37:34.132676,/0.0, 19712.0, 0.0, 0.004500150680541992, 0.0, 0.0, 1.0, 0.699999988079071/
2019-04-12T10:37:36.645820,/0.0, 19714.5, 0.0, 0.004500150680541992, 0.0, 0.0, 1.0, 0.699999988079071/
2019-04-12T10:37:39.009955,/0.0, 19713.5, 0.0, 0.004500150680541992, 0.0, 0.0, 1.0, 0.699999988079071/
2019-04-12T10:37:41.566101,/0.0, 19713.0, 0.0, 0.004500150680541992, 0.0, 0.0, 1.0, 0.699999988079071/
2019-04-12T10:37:44.089246,/0.0, 19713.5, 0.0, 0.004500150680541992, 0.0, 0.0, 1.0, 0.699999988079071/
2019-04-12T10:37:46.686394,/0.0, 19714.5, 0.0, 0.004500150680541992, 0.0, 0.0, 1.0, 0.699999988079071/
2019-04-12T10:37:49.087532,/0.0, 19714.5, 0.0, 0.004500150680541992, 0.0, 0.0, 1.0, 0.699999988079071/
2019-04-12T10:37:51.604676,/0.0, 19713.5, 0.0, 0.004500150680541992, 0.0, 0.0, 1.0, 0.699999988079071/
2019-04-12T10:37:54.006813,/0.0, 19714.0, 0.0, 0.004500150680541992, 0.0, 0.0, 1.0, 0.699999988079071/
2019-04-12T10:37:56.524957,/0.0, 19712.0, 0.0, 0.004500150680541992, 0.0, 0.0, 1.0, 0.699999988079071/
2019-04-12T10:37:59.005099,/0.0, 19714.0, 0.0, 0.004500150680541992, 0.0, 0.0, 1.0, 0.699999988079071/
2019-04-12T10:38:01.525243,/0.0, 19712.5, 0.0, 0.004500150680541992, 0.0, 0.0, 1.0, 0.699999988079071/
2019-04-12T10:38:04.004385,/0.0, 19712.0, 0.0, 0.004500150680541992, 0.0, 0.0, 1.0, 0.699999988079071/
2019-04-12T10:38:06.525529,/0.0, 19712.5, 0.0, 0.004500150680541992, 0.0, 0.0, 1.0, 0.699999988079071/
2019-04-12T10:38:08.963668,/0.0, 19712.5, 0.0, 0.004500150680541992, 0.0, 0.0, 1.0, 0.699999988079071/
2019-04-12T10:38:11.483813,/0.0, 19712.0, 0.0, 0.004500150680541992, 0.0, 0.0, 1.0, 0.699999988079071/
2019-04-12T10:38:14.087962,/0.0, 19713.0, 0.0, 0.004500150680541992, 0.0, 0.0, 1.0, 0.699999988079071/
2019-04-12T10:38:16.686110,/0.0, 19713.5, 0.0, 0.004500150680541992, 0.0, 0.0, 1.0, 0.699999988079071/
2019-04-12T10:38:19.087248,/0.0, 19713.0, 0.0, 0.004500150680541992, 0.0, 0.0, 1.0, 0.699999988079071/
2019-04-12T10:38:21.569389,/0.0, 19714.5, 0.0, 0.004500150680541992, 0.0, 0.0, 1.0, 0.699999988079071/
2019-04-12T10:38:24.129536,/0.0, 19712.0, 0.0, 0.004500150680541992, 0.0, 0.0, 1.0, 0.699999988079071/
2019-04-12T10:38:26.725684,/0.0, 19712.5, 0.0, 0.004500150680541992, 0.0, 0.0, 1.0, 0.699999988079071/
2019-04-12T10:38:29.125822,/0.0, 19713.0, 0.0, 0.004500150680541992, 0.0, 0.0, 1.0, 0.699999988079071/
2019-04-12T10:38:31.603963,/0.0, 19713.0, 0.0, 0.004500150680541992, 0.0, 0.0, 1.0, 0.699999988079071/
2019-04-12T10:38:34.049103,/0.0, 19712.5, 0.0, 0.004500150680541992, 0.0, 0.0, 1.0, 0.699999988079071/
2019-04-12T10:38:36.606250,/0.0, 19715.0, 0.0, 0.004500150680541992, 0.0, 0.0, 1.0, 0.699999988079071/
2019-04-12T10:38:39.247401,/0.0, 19713.5, 0.0, 0.004500150680541992, 0.0, 0.0, 1.0, 0.699999988079071/
2019-04-12T10:38:41.684540,/0.0, 19713.0, 0.0, 0.004500150680541992, 0.0, 0.0, 1.0, 0.699999988079071/
2019-04-12T10:38:44.124680,/0.0, 19712.0, 0.0, 0.004500150680541992, 0.0, 0.0, 1.0, 0.699999988079071/
2019-04-12T10:38:46.647824,/0.0, 19713.0, 0.0, 0.004500150680541992, 0.0, 0.0, 1.0, 0.699999988079071/
2019-04-12T10:38:49.284975,/0.0, 19715.0, 0.0, 0.004500150680541992, 0.0, 0.0, 1.0, 0.699999988079071/
2019-04-12T10:38:51.843121,/0.0, 19713.0, 0.0, 0.004500150680541992, 0.0, 0.0, 1.0, 0.699999988079071/
2019-04-12T10:38:54.324263,/0.0, 19713.0, 0.0, 0.004500150680541992, 0.0, 0.0, 1.0, 0.699999988079071/
2019-04-12T10:38:56.882409,/0.0, 19711.0, 0.0, 0.004500150680541992, 0.0, 0.0, 1.0, 0.699999988079071/
2019-04-12T10:38:59.451556,/0.0, 19714.0, 0.0, 0.004500150680541992, 0.0, 0.0, 1.0, 0.699999988079071/
2019-04-12T10:39:01.926698,/0.0, 19713.0, 0.0, 0.004500150680541992, 0.0, 0.0, 1.0, 0.699999988079071/
2019-04-12T10:39:04.487844,/0.0, 19713.0, 0.0, 0.004500150680541992, 0.0, 0.0, 1.0, 0.699999988079071/
2019-04-12T10:39:07.002988,/0.0, 19712.5, 0.0, 0.004500150680541992, 0.0, 0.0, 1.0, 0.699999988079071/
2019-04-12T10:39:09.528133,/0.0, 19713.0, 0.0, 0.004500150680541992, 0.0, 0.0, 1.0, 0.699999988079071/
2019-04-12T10:39:12.086279,/0.0, 19713.0, 0.0, 0.004500150680541992, 0.0, 0.0, 1.0, 0.699999988079071/
2019-04-12T10:39:14.646425,/0.0, 19712.5, 0.0, 0.004500150680541992, 0.0, 0.0, 1.0, 0.699999988079071/
2019-04-12T10:39:17.083565,/0.0, 19712.5, 0.0, 0.004500150680541992, 0.0, 0.0, 1.0, 0.699999988079071/
2019-04-12T10:39:19.568707,/0.0, 19713.5, 0.0, 0.004500150680541992, 0.0, 0.0, 1.0, 0.699999988079071/
2019-04-12T10:39:22.086851,/0.0, 19713.5, 0.0, 0.004500150680541992, 0.0, 0.0, 1.0, 0.699999988079071/
2019-04-12T10:39:24.603995,/0.0, 19712.0, 0.0, 0.004500150680541992, 0.0, 0.0, 1.0, 0.699999988079071/
2019-04-12T10:39:27.044134,/0.0, 19712.5, 0.0, 0.004500150680541992, 0.0, 0.0, 1.0, 0.699999988079071/
2019-04-12T10:39:29.642283,/0.0, 19713.0, 0.0, 0.004500150680541992, 0.0, 0.0, 1.0, 0.699999988079071/
2019-04-12T10:39:32.087423,/0.0, 19711.0, 0.0, 0.004500150680541992, 0.0, 0.0, 1.0, 0.699999988079071/
2019-04-12T10:39:34.722574,/0.0, 19713.0, 0.0, 0.004500150680541992, 0.0, 0.0, 1.0, 0.699999988079071/
2019-04-12T10:39:37.207716,/0.0, 19712.5, 0.0, 0.004500150680541992, 0.0, 0.0, 1.0, 0.699999988079071/
2019-04-12T10:39:39.687858,/0.0, 19713.5, 0.0, 0.004500150680541992, 0.0, 0.0, 1.0, 0.699999988079071/
2019-04-12T10:39:42.202001,/0.0, 19712.0, 0.0, 0.004500150680541992, 0.0, 0.0, 1.0, 0.699999988079071/
2019-04-12T10:39:44.768148,/0.0, 19710.5, 0.0, 0.004500150680541992, 0.0, 0.0, 1.0, 0.699999988079071/
2019-04-12T10:39:47.242290,/0.0, 19713.0, 0.0, 0.004500150680541992, 0.0, 0.0, 1.0, 0.699999988079071/
2019-04-12T10:39:49.807436,/0.0, 19712.5, 0.0, 0.004500150680541992, 0.0, 0.0, 1.0, 0.699999988079071/
2019-04-12T10:39:52.247576,/0.0, 19712.5, 0.0, 0.004500150680541992, 0.0, 0.0, 1.0, 0.699999988079071/
2019-04-12T10:39:54.804722,/0.0, 19712.0, 0.0, 0.004500150680541992, 0.0, 0.0, 1.0, 0.699999988079071/
2019-04-12T10:39:57.406871,/0.0, 19713.0, 0.0, 0.004500150680541992, 0.0, 0.0, 1.0, 0.699999988079071/
2019-04-12T10:39:59.883013,/0.0, 19712.0, 0.0, 0.004500150680541992, 0.0, 0.0, 1.0, 0.699999988079071/
2019-04-12T10:40:02.442159,/0.0, 19712.0, 0.0, 0.004500150680541992, 0.0, 0.0, 1.0, 0.699999988079071/
2019-04-12T10:40:05.086310,/0.0, 19713.0, 0.0, 0.004500150680541992, 0.0, 0.0, 1.0, 0.699999988079071/
2019-04-12T10:40:07.684459,/0.0, 19711.5, 0.0, 0.004500150680541992, 0.0, 0.0, 1.0, 0.699999988079071/
2019-04-12T10:40:10.323610,/0.0, 19712.5, 0.0, 0.004500150680541992, 0.0, 0.0, 1.0, 0.699999988079071/
2019-04-12T10:40:12.764750,/0.0, 19713.5, 0.0, 0.004500150680541992, 0.0, 0.0, 1.0, 0.699999988079071/
2019-04-12T10:40:15.203889,/0.0, 19711.5, 0.0, 0.004500150680541992, 0.0, 0.0, 1.0, 0.699999988079071/
2019-04-12T10:40:17.607026,/0.0, 19713.0, 0.0, 0.004500150680541992, 0.0, 0.0, 1.0, 0.699999988079071/
2019-04-12T10:40:20.165173,/0.0, 19712.5, 0.0, 0.004500150680541992, 0.0, 0.0, 1.0, 0.699999988079071/
2019-04-12T10:40:22.682317,/0.0, 19712.0, 0.0, 0.004500150680541992, 0.0, 0.0, 1.0, 0.699999988079071/
2019-04-12T10:40:25.250464,/0.0, 19713.0, 0.0, 0.004500150680541992, 0.0, 0.0, 1.0, 0.699999988079071/
2019-04-12T10:40:27.800610,/0.0, 19713.5, 0.0, 0.004500150680541992, 0.0, 0.0, 1.0, 0.699999988079071/
2019-04-12T10:40:30.329754,/0.0, 19713.5, 0.0, 0.004500150680541992, 0.0, 0.0, 1.0, 0.699999988079071/
2019-04-12T10:40:32.800896,/0.0, 19711.5, 0.0, 0.004500150680541992, 0.0, 0.0, 1.0, 0.699999988079071/
2019-04-12T10:40:35.282037,/0.0, 19711.0, 0.0, 0.004500150680541992, 0.0, 0.0, 1.0, 0.699999988079071/
2019-04-12T10:40:37.802182,/0.0, 19712.0, 0.0, 0.004500150680541992, 0.0, 0.0, 1.0, 0.699999988079071/
2019-04-12T10:40:40.322326,/0.0, 19712.5, 0.0, 0.004500150680541992, 0.0, 0.0, 1.0, 0.699999988079071/
2019-04-12T10:40:42.764465,/0.0, 19712.0, 0.0, 0.004500150680541992, 0.0, 0.0, 1.0, 0.699999988079071/
2019-04-12T10:40:45.207605,/0.0, 19710.0, 0.0, 0.004500150680541992, 0.0, 0.0, 1.0, 0.699999988079071/
2019-04-12T10:40:47.683747,/0.0, 19713.5, 0.0, 0.004500150680541992, 0.0, 0.0, 1.0, 0.699999988079071/
2019-04-12T10:40:50.287896,/0.0, 19712.5, 0.0, 0.004500150680541992, 0.0, 0.0, 1.0, 0.699999988079071/
2019-04-12T10:40:52.690033,/0.0, 19711.5, 0.0, 0.004500150680541992, 0.0, 0.0, 1.0, 0.699999988079071/
2019-04-12T10:40:55.205177,/0.0, 19713.5, 0.0, 0.004500150680541992, 0.0, 0.0, 1.0, 0.699999988079071/
2019-04-12T10:40:57.646317,/0.0, 19712.5, 0.0, 0.004500150680541992, 0.0, 0.0, 1.0, 0.699999988079071/
2019-04-12T10:41:00.322470,/0.0, 19711.0, 0.0, 0.004500150680541992, 0.0, 0.0, 1.0, 0.699999988079071/
2019-04-12T10:41:02.763609,/0.0, 19713.5, 0.0, 0.004500150680541992, 0.0, 0.0, 1.0, 0.699999988079071/
2019-04-12T10:41:05.281753,/0.0, 19713.0, 0.0, 0.004500150680541992, 0.0, 0.0, 1.0, 0.699999988079071/
2019-04-12T10:41:07.805898,/0.0, 19712.0, 0.0, 0.004500150680541992, 0.0, 0.0, 1.0, 0.699999988079071/
2019-04-12T10:41:10.401046,/0.0, 19712.0, 0.0, 0.004500150680541992, 0.0, 0.0, 1.0, 0.699999988079071/
2019-04-12T10:41:12.927191,/0.0, 19710.5, 0.0, 0.004500150680541992, 0.0, 0.0, 1.0, 0.699999988079071/
2019-04-12T10:41:15.366330,/0.0, 19711.0, 0.0, 0.004500150680541992, 0.0, 0.0, 1.0, 0.699999988079071/
2019-04-12T10:41:17.845472,/0.0, 19713.0, 0.0, 0.004500150680541992, 0.0, 0.0, 1.0, 0.699999988079071/
2019-04-12T10:41:20.362616,/0.0, 19712.0, 0.0, 0.004500150680541992, 0.0, 0.0, 1.0, 0.699999988079071/
2019-04-12T10:41:22.845758,/0.0, 19711.5, 0.0, 0.004500150680541992, 0.0, 0.0, 1.0, 0.699999988079071/
2019-04-12T10:41:25.481909,/0.0, 19712.5, 0.0, 0.004500150680541992, 0.0, 0.0, 1.0, 0.699999988079071/
2019-04-12T10:41:27.927049,/0.0, 19712.0, 0.0, 0.004500150680541992, 0.0, 0.0, 1.0, 0.699999988079071/
2019-04-12T10:41:30.366188,/0.0, 19713.0, 0.0, 0.004500150680541992, 0.0, 0.0, 1.0, 0.699999988079071/
2019-04-12T10:41:32.884332,/0.0, 19710.0, 0.0, 0.004500150680541992, 0.0, 0.0, 1.0, 0.699999988079071/
2019-04-12T10:41:35.403476,/0.0, 19712.5, 0.0, 0.004500150680541992, 0.0, 0.0, 1.0, 0.699999988079071/
2019-04-12T10:41:37.882618,/0.0, 19713.0, 0.0, 0.004500150680541992, 0.0, 0.0, 1.0, 0.699999988079071/
2019-04-12T10:41:40.403762,/0.0, 19710.0, 0.0, 0.004500150680541992, 0.0, 0.0, 1.0, 0.699999988079071/
2019-04-12T10:41:42.845902,/0.0, 19709.5, 0.0, 0.004500150680541992, 0.0, 0.0, 1.0, 0.699999988079071/
2019-04-12T10:41:45.329044,/0.0, 19711.5, 0.0, 0.004500150680541992, 0.0, 0.0, 1.0, 0.699999988079071/
2019-04-12T10:41:47.919192,/0.0, 19711.5, 0.0, 0.004500150680541992, 0.0, 0.0, 1.0, 0.699999988079071/
2019-04-12T10:41:50.280327,/0.0, 19711.5, 0.0, 0.004500150680541992, 0.0, 0.0, 1.0, 0.699999988079071/
2019-04-12T10:41:52.923478,/0.0, 19711.5, 0.0, 0.004500150680541992, 0.0, 0.0, 1.0, 0.699999988079071/
2019-04-12T10:41:55.403620,/0.0, 19712.0, 0.0, 0.004500150680541992, 0.0, 0.0, 1.0, 0.699999988079071/
2019-04-12T10:41:57.964767,/0.0, 19710.0, 0.0, 0.004500150680541992, 0.0, 0.0, 1.0, 0.699999988079071/
2019-04-12T10:42:00.445909,/0.0, 19711.0, 0.0, 0.004500150680541992, 0.0, 0.0, 1.0, 0.699999988079071/
2019-04-12T10:42:02.926050,/0.0, 19711.5, 0.0, 0.004500150680541992, 0.0, 0.0, 1.0, 0.699999988079071/
2019-04-12T10:42:05.405192,/0.0, 19711.0, 0.0, 0.004500150680541992, 0.0, 0.0, 1.0, 0.699999988079071/
2019-04-12T10:42:07.963338,/0.0, 19712.0, 0.0, 0.004500150680541992, 0.0, 0.0, 1.0, 0.699999988079071/
2019-04-12T10:42:10.404478,/0.0, 19711.5, 0.0, 0.004500150680541992, 0.0, 0.0, 1.0, 0.699999988079071/
2019-04-12T10:42:12.919622,/0.0, 19711.0, 0.0, 0.004500150680541992, 0.0, 0.0, 1.0, 0.699999988079071/
2019-04-12T10:42:15.481769,/0.0, 19709.0, 0.0, 0.004500150680541992, 0.0, 0.0, 1.0, 0.699999988079071/
2019-04-12T10:42:18.040915,/0.0, 19710.5, 0.0, 0.004500150680541992, 0.0, 0.0, 1.0, 0.699999988079071/
2019-04-12T10:42:20.563059,/0.0, 19710.5, 0.0, 0.004500150680541992, 0.0, 0.0, 1.0, 0.699999988079071/
2019-04-12T10:42:23.120205,/0.0, 19710.5, 0.0, 0.004500150680541992, 0.0, 0.0, 1.0, 0.699999988079071/
2019-04-12T10:42:25.600347,/0.0, 19711.0, 0.0, 0.004500150680541992, 0.0, 0.0, 1.0, 0.699999988079071/
2019-04-12T10:42:28.124492,/0.0, 19710.5, 0.0, 0.004500150680541992, 0.0, 0.0, 1.0, 0.699999988079071/
2019-04-12T10:42:30.642636,/0.0, 19711.5, 0.0, 0.004500150680541992, 0.0, 0.0, 1.0, 0.699999988079071/
2019-04-12T10:42:33.120777,/0.0, 19712.0, 0.0, 0.004500150680541992, 0.0, 0.0, 1.0, 0.699999988079071/
2019-04-12T10:42:35.600919,/0.0, 19710.5, 0.0, 0.004500150680541992, 0.0, 0.0, 1.0, 0.699999988079071/
2019-04-12T10:42:38.084061,/0.0, 19713.0, 0.0, 0.004500150680541992, 0.0, 0.0, 1.0, 0.699999988079071/
2019-04-12T10:42:40.520201,/0.0, 19710.5, 0.0, 0.004500150680541992, 0.0, 0.0, 1.0, 0.699999988079071/
2019-04-12T10:42:43.039345,/0.0, 19712.0, 0.0, 0.004500150680541992, 0.0, 0.0, 1.0, 0.699999988079071/
2019-04-12T10:42:45.639493,/0.0, 19714.5, 0.0, 0.004500150680541992, 0.0, 0.0, 1.0, 0.699999988079071/
2019-04-12T10:42:48.120635,/0.0, 19711.0, 0.0, 0.004500150680541992, 0.0, 0.0, 1.0, 0.699999988079071/
2019-04-12T10:42:50.721784,/0.0, 19711.5, 0.0, 0.004500150680541992, 0.0, 0.0, 1.0, 0.699999988079071/
2019-04-12T10:42:53.080919,/0.0, 19709.5, 0.0, 0.004500150680541992, 0.0, 0.0, 1.0, 0.699999988079071/
2019-04-12T10:42:55.643066,/0.0, 19710.0, 0.0, 0.004500150680541992, 0.0, 0.0, 1.0, 0.699999988079071/
2019-04-12T10:42:58.161210,/0.0, 19711.5, 0.0, 0.004500150680541992, 0.0, 0.0, 1.0, 0.699999988079071/
2019-04-12T10:43:00.801361,/0.0, 19710.0, 0.0, 0.004500150680541992, 0.0, 0.0, 1.0, 0.699999988079071/
2019-04-12T10:43:03.322505,/0.0, 19712.0, 0.0, 0.004500150680541992, 0.0, 0.0, 1.0, 0.699999988079071/
2019-04-12T10:43:05.720642,/0.0, 19711.5, 0.0, 0.004500150680541992, 0.0, 0.0, 1.0, 0.699999988079071/
2019-04-12T10:43:08.200784,/0.0, 19711.0, 0.0, 0.004500150680541992, 0.0, 0.0, 1.0, 0.699999988079071/
2019-04-12T10:43:10.643924,/0.0, 19709.5, 0.0, 0.004500150680541992, 0.0, 0.0, 1.0, 0.699999988079071/
2019-04-12T10:43:13.158067,/0.0, 19710.0, 0.0, 0.004500150680541992, 0.0, 0.0, 1.0, 0.699999988079071/
2019-04-12T10:43:15.681212,/0.0, 19709.5, 0.0, 0.004500150680541992, 0.0, 0.0, 1.0, 0.699999988079071/
2019-04-12T10:43:18.203356,/0.0, 19708.5, 0.0, 0.004500150680541992, 0.0, 0.0, 1.0, 0.699999988079071/
2019-04-12T10:43:20.758502,/0.0, 19711.5, 0.0, 0.004500150680541992, 0.0, 0.0, 1.0, 0.699999988079071/
2019-04-12T10:43:23.242644,/0.0, 19712.5, 0.0, 0.004500150680541992, 0.0, 0.0, 1.0, 0.699999988079071/
2019-04-12T10:43:25.717786,/0.0, 19711.0, 0.0, 0.004500150680541992, 0.0, 0.0, 1.0, 0.699999988079071/
2019-04-12T10:43:28.204928,/0.0, 19710.5, 0.0, 0.004500150680541992, 0.0, 0.0, 1.0, 0.699999988079071/
2019-04-12T10:43:30.799076,/0.0, 19709.0, 0.0, 0.004500150680541992, 0.0, 0.0, 1.0, 0.699999988079071/
2019-04-12T10:43:33.360223,/0.0, 19711.0, 0.0, 0.004500150680541992, 0.0, 0.0, 1.0, 0.699999988079071/
2019-04-12T10:43:35.844365,/0.0, 19711.0, 0.0, 0.004500150680541992, 0.0, 0.0, 1.0, 0.699999988079071/
2019-04-12T10:43:38.358509,/0.0, 19709.5, 0.0, 0.004500150680541992, 0.0, 0.0, 1.0, 0.699999988079071/
2019-04-12T10:43:40.883653,/0.0, 19711.0, 0.0, 0.004500150680541992, 0.0, 0.0, 1.0, 0.699999988079071/
2019-04-12T10:43:43.400797,/0.0, 19712.5, 0.0, 0.004500150680541992, 0.0, 0.0, 1.0, 0.699999988079071/
2019-04-12T10:43:45.966944,/0.0, 19710.0, 0.0, 0.004500150680541992, 0.0, 0.0, 1.0, 0.699999988079071/
2019-04-12T10:43:48.447086,/0.0, 19710.5, 0.0, 0.004500150680541992, 0.0, 0.0, 1.0, 0.699999988079071/
2019-04-12T10:43:50.923227,/0.0, 19708.5, 0.0, 0.004500150680541992, 0.0, 0.0, 1.0, 0.699999988079071/
2019-04-12T10:43:53.360367,/0.0, 19710.5, 0.0, 0.004500150680541992, 0.0, 0.0, 1.0, 0.699999988079071/
2019-04-12T10:43:55.964516,/0.0, 19708.0, 0.0, 0.004500150680541992, 0.0, 0.0, 1.0, 0.699999988079071/
2019-04-12T10:43:58.600667,/0.0, 19710.5, 0.0, 0.004500150680541992, 0.0, 0.0, 1.0, 0.699999988079071/
2019-04-12T10:44:01.083809,/0.0, 19711.0, 0.0, 0.004500150680541992, 0.0, 0.0, 1.0, 0.699999988079071/
2019-04-12T10:44:03.602953,/0.0, 19711.5, 0.0, 0.004500150680541992, 0.0, 0.0, 1.0, 0.699999988079071/
2019-04-12T10:44:06.163099,/0.0, 19711.0, 0.0, 0.004500150680541992, 0.0, 0.0, 1.0, 0.699999988079071/
2019-04-12T10:44:08.719245,/0.0, 19708.5, 0.0, 0.004500150680541992, 0.0, 0.0, 1.0, 0.699999988079071/
2019-04-12T10:44:11.201387,/0.0, 19709.5, 0.0, 0.004500150680541992, 0.0, 0.0, 1.0, 0.699999988079071/
2019-04-12T10:44:13.677529,/0.0, 19711.0, 0.0, 0.004500150680541992, 0.0, 0.0, 1.0, 0.699999988079071/
2019-04-12T10:44:16.281678,/0.0, 19711.0, 0.0, 0.004500150680541992, 0.0, 0.0, 1.0, 0.699999988079071/
2019-04-12T10:44:18.880827,/0.0, 19710.5, 0.0, 0.004500150680541992, 0.0, 0.0, 1.0, 0.699999988079071/
2019-04-12T10:44:21.439973,/0.0, 19709.5, 0.0, 0.004500150680541992, 0.0, 0.0, 1.0, 0.699999988079071/
2019-04-12T10:44:23.959117,/0.0, 19709.0, 0.0, 0.004500150680541992, 0.0, 0.0, 1.0, 0.699999988079071/
2019-04-12T10:44:26.442259,/0.0, 19710.5, 0.0, 0.004500150680541992, 0.0, 0.0, 1.0, 0.699999988079071/
2019-04-12T10:44:28.921401,/0.0, 19710.0, 0.0, 0.004500150680541992, 0.0, 0.0, 1.0, 0.699999988079071/
2019-04-12T10:44:31.397542,/0.0, 19710.5, 0.0, 0.004500150680541992, 0.0, 0.0, 1.0, 0.699999988079071/
2019-04-12T10:44:33.962689,/0.0, 19711.0, 0.0, 0.004500150680541992, 0.0, 0.0, 1.0, 0.699999988079071/
2019-04-12T10:44:36.562838,/0.0, 19709.5, 0.0, 0.004500150680541992, 0.0, 0.0, 1.0, 0.699999988079071/
2019-04-12T10:44:39.081982,/0.0, 19709.0, 0.0, 0.004500150680541992, 0.0, 0.0, 1.0, 0.699999988079071/
2019-04-12T10:44:41.557124,/0.0, 19710.0, 0.0, 0.004500150680541992, 0.0, 0.0, 1.0, 0.699999988079071/
2019-04-12T10:44:44.038265,/0.0, 19711.0, 0.0, 0.004500150680541992, 0.0, 0.0, 1.0, 0.699999988079071/
2019-04-12T10:44:46.557410,/0.0, 19712.0, 0.0, 0.004500150680541992, 0.0, 0.0, 1.0, 0.699999988079071/
2019-04-12T10:44:48.962547,/0.0, 19710.5, 0.0, 0.004500150680541992, 0.0, 0.0, 1.0, 0.699999988079071/
2019-04-12T10:44:51.637700,/0.0, 19710.5, 0.0, 0.004500150680541992, 0.0, 0.0, 1.0, 0.699999988079071/
2019-04-12T10:44:54.196846,/0.0, 19710.5, 0.0, 0.004500150680541992, 0.0, 0.0, 1.0, 0.699999988079071/
2019-04-12T10:44:56.598984,/0.0, 19711.5, 0.0, 0.004500150680541992, 0.0, 0.0, 1.0, 0.699999988079071/
2019-04-12T10:44:59.240135,/0.0, 19711.0, 0.0, 0.004500150680541992, 0.0, 0.0, 1.0, 0.699999988079071/
2019-04-12T10:45:01.803282,/0.0, 19711.0, 0.0, 0.004500150680541992, 0.0, 0.0, 1.0, 0.699999988079071/
2019-04-12T10:45:04.320426,/0.0, 19710.5, 0.0, 0.004500150680541992, 0.0, 0.0, 1.0, 0.699999988079071/
2019-04-12T10:45:06.799567,/0.0, 19709.0, 0.0, 0.004500150680541992, 0.0, 0.0, 1.0, 0.699999988079071/
2019-04-12T10:45:09.245707,/0.0, 19711.0, 0.0, 0.004500150680541992, 0.0, 0.0, 1.0, 0.699999988079071/
2019-04-12T10:45:11.682847,/0.0, 19710.5, 0.0, 0.004500150680541992, 0.0, 0.0, 1.0, 0.699999988079071/
2019-04-12T10:45:14.196990,/0.0, 19711.0, 0.0, 0.004500150680541992, 0.0, 0.0, 1.0, 0.699999988079071/
2019-04-12T10:45:16.641130,/0.0, 19710.0, 0.0, 0.004500150680541992, 0.0, 0.0, 1.0, 0.699999988079071/
2019-04-12T10:45:19.317283,/0.0, 19709.5, 0.0, 0.004500150680541992, 0.0, 0.0, 1.0, 0.699999988079071/
2019-04-12T10:45:21.799425,/0.0, 19711.5, 0.0, 0.004500150680541992, 0.0, 0.0, 1.0, 0.699999988079071/
2019-04-12T10:45:24.396574,/0.0, 19709.0, 0.0, 0.004500150680541992, 0.0, 0.0, 1.0, 0.699999988079071/
2019-04-12T10:45:26.958720,/0.0, 19710.5, 0.0, 0.004500150680541992, 0.0, 0.0, 1.0, 0.699999988079071/
2019-04-12T10:45:29.438862,/0.0, 19709.5, 0.0, 0.004500150680541992, 0.0, 0.0, 1.0, 0.699999988079071/
2019-04-12T10:45:31.962007,/0.0, 19710.5, 0.0, 0.004500150680541992, 0.0, 0.0, 1.0, 0.699999988079071/
2019-04-12T10:45:34.520153,/0.0, 19712.5, 0.0, 0.004500150680541992, 0.0, 0.0, 1.0, 0.699999988079071/
2019-04-12T10:45:37.000295,/0.0, 19712.0, 0.0, 0.004500150680541992, 0.0, 0.0, 1.0, 0.699999988079071/
2019-04-12T10:45:39.558441,/0.0, 19711.5, 0.0, 0.004500150680541992, 0.0, 0.0, 1.0, 0.699999988079071/
2019-04-12T10:45:42.197592,/0.0, 19711.0, 0.0, 0.004500150680541992, 0.0, 0.0, 1.0, 0.699999988079071/
2019-04-12T10:45:44.637732,/0.0, 19711.5, 0.0, 0.004500150680541992, 0.0, 0.0, 1.0, 0.699999988079071/
2019-04-12T10:45:47.158876,/0.0, 19712.0, 0.0, 0.004500150680541992, 0.0, 0.0, 1.0, 0.699999988079071/
2019-04-12T10:45:49.719022,/0.0, 19711.5, 0.0, 0.004500150680541992, 0.0, 0.0, 1.0, 0.699999988079071/
2019-04-12T10:45:52.121160,/0.0, 19710.0, 0.0, 0.004500150680541992, 0.0, 0.0, 1.0, 0.699999988079071/
2019-04-12T10:45:54.637303,/0.0, 19711.0, 0.0, 0.004500150680541992, 0.0, 0.0, 1.0, 0.699999988079071/
2019-04-12T10:45:57.121446,/0.0, 19710.0, 0.0, 0.004500150680541992, 0.0, 0.0, 1.0, 0.699999988079071/
2019-04-12T10:45:59.677592,/0.0, 19710.5, 0.0, 0.004500150680541992, 0.0, 0.0, 1.0, 0.699999988079071/
2019-04-12T10:46:02.195736,/0.0, 19709.0, 0.0, 0.004500150680541992, 0.0, 0.0, 1.0, 0.699999988079071/
2019-04-12T10:46:04.716880,/0.0, 19711.0, 0.0, 0.004500150680541992, 0.0, 0.0, 1.0, 0.699999988079071/
2019-04-12T10:46:07.237024,/0.0, 19711.0, 0.0, 0.004500150680541992, 0.0, 0.0, 1.0, 0.699999988079071/
2019-04-12T10:46:09.675164,/0.0, 19710.0, 0.0, 0.004500150680541992, 0.0, 0.0, 1.0, 0.699999988079071/
2019-04-12T10:46:12.116303,/0.0, 19711.5, 0.0, 0.004500150680541992, 0.0, 0.0, 1.0, 0.699999988079071/
2019-04-12T10:46:14.600445,/0.0, 19710.5, 0.0, 0.004500150680541992, 0.0, 0.0, 1.0, 0.699999988079071/
2019-04-12T10:46:16.998582,/0.0, 19711.0, 0.0, 0.004500150680541992, 0.0, 0.0, 1.0, 0.699999988079071/
2019-04-12T10:46:19.483725,/0.0, 19709.5, 0.0, 0.004500150680541992, 0.0, 0.0, 1.0, 0.699999988079071/
2019-04-12T10:46:22.035871,/0.0, 19711.5, 0.0, 0.004500150680541992, 0.0, 0.0, 1.0, 0.699999988079071/
2019-04-12T10:46:24.560015,/0.0, 19712.5, 0.0, 0.004500150680541992, 0.0, 0.0, 1.0, 0.699999988079071/
2019-04-12T10:46:26.960152,/0.0, 19711.5, 0.0, 0.004500150680541992, 0.0, 0.0, 1.0, 0.699999988079071/
2019-04-12T10:46:29.556301,/0.0, 19710.5, 0.0, 0.004500150680541992, 0.0, 0.0, 1.0, 0.699999988079071/
2019-04-12T10:46:32.075445,/0.0, 19710.0, 0.0, 0.004500150680541992, 0.0, 0.0, 1.0, 0.699999988079071/
2019-04-12T10:46:34.595589,/0.0, 19710.5, 0.0, 0.004500150680541992, 0.0, 0.0, 1.0, 0.699999988079071/
2019-04-12T10:46:37.039729,/0.0, 19710.0, 0.0, 0.004500150680541992, 0.0, 0.0, 1.0, 0.699999988079071/
2019-04-12T10:46:39.596875,/0.0, 19709.5, 0.0, 0.004500150680541992, 0.0, 0.0, 1.0, 0.699999988079071/
2019-04-12T10:46:42.079017,/0.0, 19710.5, 0.0, 0.004500150680541992, 0.0, 0.0, 1.0, 0.699999988079071/
2019-04-12T10:46:44.515156,/0.0, 19712.0, 0.0, 0.004500150680541992, 0.0, 0.0, 1.0, 0.699999988079071/
2019-04-12T10:46:47.116305,/0.0, 19711.0, 0.0, 0.004500150680541992, 0.0, 0.0, 1.0, 0.699999988079071/
2019-04-12T10:46:49.759456,/0.0, 19711.0, 0.0, 0.004500150680541992, 0.0, 0.0, 1.0, 0.699999988079071/
2019-04-12T10:46:52.243598,/0.0, 19712.0, 0.0, 0.004500150680541992, 0.0, 0.0, 1.0, 0.699999988079071/
2019-04-12T10:46:54.834747,/0.0, 19710.5, 0.0, 0.004500150680541992, 0.0, 0.0, 1.0, 0.699999988079071/
2019-04-12T10:46:57.236884,/0.0, 19712.5, 0.0, 0.004500150680541992, 0.0, 0.0, 1.0, 0.699999988079071/
2019-04-12T10:46:59.834033,/0.0, 19710.0, 0.0, 0.004500150680541992, 0.0, 0.0, 1.0, 0.699999988079071/
2019-04-12T10:47:02.316175,/0.0, 19710.0, 0.0, 0.004500150680541992, 0.0, 0.0, 1.0, 0.699999988079071/
2019-04-12T10:47:04.916323,/0.0, 19712.5, 0.0, 0.004500150680541992, 0.0, 0.0, 1.0, 0.699999988079071/
2019-04-12T10:47:07.320461,/0.0, 19709.0, 0.0, 0.004500150680541992, 0.0, 0.0, 1.0, 0.699999988079071/
2019-04-12T10:47:09.877607,/0.0, 19709.5, 0.0, 0.004500150680541992, 0.0, 0.0, 1.0, 0.699999988079071/
2019-04-12T10:47:12.440754,/0.0, 19711.0, 0.0, 0.004500150680541992, 0.0, 0.0, 1.0, 0.699999988079071/
2019-04-12T10:47:15.002900,/0.0, 19710.5, 0.0, 0.004500150680541992, 0.0, 0.0, 1.0, 0.699999988079071/
2019-04-12T10:47:17.558046,/0.0, 19710.5, 0.0, 0.004500150680541992, 0.0, 0.0, 1.0, 0.699999988079071/
2019-04-12T10:47:20.161195,/0.0, 19711.5, 0.0, 0.004500150680541992, 0.0, 0.0, 1.0, 0.699999988079071/
2019-04-12T10:47:22.681339,/0.0, 19710.5, 0.0, 0.004500150680541992, 0.0, 0.0, 1.0, 0.699999988079071/
2019-04-12T10:47:25.280488,/0.0, 19711.0, 0.0, 0.004500150680541992, 0.0, 0.0, 1.0, 0.699999988079071/
2019-04-12T10:47:27.834634,/0.0, 19711.0, 0.0, 0.004500150680541992, 0.0, 0.0, 1.0, 0.699999988079071/
2019-04-12T10:47:30.396781,/0.0, 19711.5, 0.0, 0.004500150680541992, 0.0, 0.0, 1.0, 0.699999988079071/
2019-04-12T10:47:32.915925,/0.0, 19711.5, 0.0, 0.004500150680541992, 0.0, 0.0, 1.0, 0.699999988079071/
2019-04-12T10:47:35.403067,/0.0, 19710.5, 0.0, 0.004500150680541992, 0.0, 0.0, 1.0, 0.699999988079071/
2019-04-12T10:47:37.954213,/0.0, 19710.5, 0.0, 0.004500150680541992, 0.0, 0.0, 1.0, 0.699999988079071/
2019-04-12T10:47:40.519360,/0.0, 19711.0, 0.0, 0.004500150680541992, 0.0, 0.0, 1.0, 0.699999988079071/
2019-04-12T10:47:42.955499,/0.0, 19709.5, 0.0, 0.004500150680541992, 0.0, 0.0, 1.0, 0.699999988079071/
2019-04-12T10:47:45.515645,/0.0, 19710.5, 0.0, 0.004500150680541992, 0.0, 0.0, 1.0, 0.699999988079071/
2019-04-12T10:47:47.956785,/0.0, 19711.5, 0.0, 0.004500150680541992, 0.0, 0.0, 1.0, 0.699999988079071/
2019-04-12T10:47:50.359922,/0.0, 19710.0, 0.0, 0.004500150680541992, 0.0, 0.0, 1.0, 0.699999988079071/
2019-04-12T10:47:52.842064,/0.0, 19710.0, 0.0, 0.004500150680541992, 0.0, 0.0, 1.0, 0.699999988079071/
2019-04-12T10:47:55.319206,/0.0, 19712.0, 0.0, 0.004500150680541992, 0.0, 0.0, 1.0, 0.699999988079071/
2019-04-12T10:47:57.796348,/0.0, 19711.5, 0.0, 0.004500150680541992, 0.0, 0.0, 1.0, 0.699999988079071/
2019-04-12T10:48:00.198485,/0.0, 19709.5, 0.0, 0.004500150680541992, 0.0, 0.0, 1.0, 0.699999988079071/
2019-04-12T10:48:02.717629,/0.0, 19710.0, 0.0, 0.004500150680541992, 0.0, 0.0, 1.0, 0.699999988079071/
2019-04-12T10:48:05.199771,/0.0, 19712.0, 0.0, 0.004500150680541992, 0.0, 0.0, 1.0, 0.699999988079071/
2019-04-12T10:48:07.758918,/0.0, 19711.0, 0.0, 0.004500150680541992, 0.0, 0.0, 1.0, 0.699999988079071/
2019-04-12T10:48:10.273061,/0.0, 19711.0, 0.0, 0.004500150680541992, 0.0, 0.0, 1.0, 0.699999988079071/
2019-04-12T10:48:12.637197,/0.0, 19711.5, 0.0, 0.004500150680541992, 0.0, 0.0, 1.0, 0.699999988079071/
2019-04-12T10:48:15.197343,/0.0, 19712.0, 0.0, 0.004500150680541992, 0.0, 0.0, 1.0, 0.699999988079071/
2019-04-12T10:48:17.756489,/0.0, 19711.5, 0.0, 0.004500150680541992, 0.0, 0.0, 1.0, 0.699999988079071/
2019-04-12T10:48:20.273633,/0.0, 19711.0, 0.0, 0.004500150680541992, 0.0, 0.0, 1.0, 0.699999988079071/
2019-04-12T10:48:22.714773,/0.0, 19710.0, 0.0, 0.004500150680541992, 0.0, 0.0, 1.0, 0.699999988079071/
2019-04-12T10:48:25.319922,/0.0, 19712.0, 0.0, 0.004500150680541992, 0.0, 0.0, 1.0, 0.699999988079071/
2019-04-12T10:48:27.835066,/0.0, 19709.5, 0.0, 0.004500150680541992, 0.0, 0.0, 1.0, 0.699999988079071/
2019-04-12T10:48:30.433215,/0.0, 19710.5, 0.0, 0.004500150680541992, 0.0, 0.0, 1.0, 0.699999988079071/
2019-04-12T10:48:32.876354,/0.0, 19711.5, 0.0, 0.004500150680541992, 0.0, 0.0, 1.0, 0.699999988079071/
2019-04-12T10:48:35.281492,/0.0, 19711.5, 0.0, 0.004500150680541992, 0.0, 0.0, 1.0, 0.699999988079071/
2019-04-12T10:48:37.877640,/0.0, 19711.0, 0.0, 0.004500150680541992, 0.0, 0.0, 1.0, 0.699999988079071/
2019-04-12T10:48:40.316780,/0.0, 19711.0, 0.0, 0.004500150680541992, 0.0, 0.0, 1.0, 0.699999988079071/
2019-04-12T10:48:42.837924,/0.0, 19711.5, 0.0, 0.004500150680541992, 0.0, 0.0, 1.0, 0.699999988079071/
2019-04-12T10:48:45.360068,/0.0, 19708.5, 0.0, 0.004500150680541992, 0.0, 0.0, 1.0, 0.699999988079071/
2019-04-12T10:48:47.914214,/0.0, 19713.0, 0.0, 0.004500150680541992, 0.0, 0.0, 1.0, 0.699999988079071/
2019-04-12T10:48:50.477361,/0.0, 19711.5, 0.0, 0.004500150680541992, 0.0, 0.0, 1.0, 0.699999988079071/
2019-04-12T10:48:52.921501,/0.0, 19710.0, 0.0, 0.004500150680541992, 0.0, 0.0, 1.0, 0.699999988079071/
2019-04-12T10:48:55.438645,/0.0, 19709.5, 0.0, 0.004500150680541992, 0.0, 0.0, 1.0, 0.699999988079071/
2019-04-12T10:48:57.838782,/0.0, 19712.0, 0.0, 0.004500150680541992, 0.0, 0.0, 1.0, 0.699999988079071/
2019-04-12T10:49:00.478933,/0.0, 19710.5, 0.0, 0.004500150680541992, 0.0, 0.0, 1.0, 0.699999988079071/
2019-04-12T10:49:03.074081,/0.0, 19710.5, 0.0, 0.004500150680541992, 0.0, 0.0, 1.0, 0.699999988079071/
2019-04-12T10:49:05.601226,/0.0, 19710.0, 0.0, 0.004500150680541992, 0.0, 0.0, 1.0, 0.699999988079071/
2019-04-12T10:49:08.198375,/0.0, 19710.5, 0.0, 0.004500150680541992, 0.0, 0.0, 1.0, 0.699999988079071/
2019-04-12T10:49:10.752521,/0.0, 19711.0, 0.0, 0.004500150680541992, 0.0, 0.0, 1.0, 0.699999988079071/
2019-04-12T10:49:13.237663,/0.0, 19711.0, 0.0, 0.004500150680541992, 0.0, 0.0, 1.0, 0.699999988079071/
2019-04-12T10:49:15.713804,/0.0, 19710.5, 0.0, 0.004500150680541992, 0.0, 0.0, 1.0, 0.699999988079071/
2019-04-12T10:49:18.236949,/0.0, 19710.5, 0.0, 0.004500150680541992, 0.0, 0.0, 1.0, 0.699999988079071/
2019-04-12T10:49:20.759093,/0.0, 19710.5, 0.0, 0.004500150680541992, 0.0, 0.0, 1.0, 0.699999988079071/
2019-04-12T10:49:23.238235,/0.0, 19710.5, 0.0, 0.004500150680541992, 0.0, 0.0, 1.0, 0.699999988079071/
2019-04-12T10:49:25.794381,/0.0, 19711.5, 0.0, 0.004500150680541992, 0.0, 0.0, 1.0, 0.699999988079071/
2019-04-12T10:49:28.278523,/0.0, 19711.0, 0.0, 0.004500150680541992, 0.0, 0.0, 1.0, 0.699999988079071/
2019-04-12T10:49:30.880672,/0.0, 19711.0, 0.0, 0.004500150680541992, 0.0, 0.0, 1.0, 0.699999988079071/
2019-04-12T10:49:33.315811,/0.0, 19712.5, 0.0, 0.004500150680541992, 0.0, 0.0, 1.0, 0.699999988079071/
2019-04-12T10:49:35.873958,/0.0, 19710.5, 0.0, 0.004500150680541992, 0.0, 0.0, 1.0, 0.699999988079071/
2019-04-12T10:49:38.432104,/0.0, 19711.0, 0.0, 0.004500150680541992, 0.0, 0.0, 1.0, 0.699999988079071/
2019-04-12T10:49:40.877244,/0.0, 19709.0, 0.0, 0.004500150680541992, 0.0, 0.0, 1.0, 0.699999988079071/
2019-04-12T10:49:43.438390,/0.0, 19711.0, 0.0, 0.004500150680541992, 0.0, 0.0, 1.0, 0.699999988079071/
2019-04-12T10:49:45.953534,/0.0, 19710.0, 0.0, 0.004500150680541992, 0.0, 0.0, 1.0, 0.699999988079071/
2019-04-12T10:49:48.398674,/0.0, 19711.0, 0.0, 0.004500150680541992, 0.0, 0.0, 1.0, 0.699999988079071/
2019-04-12T10:49:51.112829,/0.0, 19710.5, 0.0, 0.004500150680541992, 0.0, 0.0, 1.0, 0.699999988079071/
2019-04-12T10:49:53.675976,/0.0, 19712.0, 0.0, 0.004500150680541992, 0.0, 0.0, 1.0, 0.699999988079071/
2019-04-12T10:49:56.192120,/0.0, 19710.5, 0.0, 0.004500150680541992, 0.0, 0.0, 1.0, 0.699999988079071/
2019-04-12T10:49:58.796269,/0.0, 19710.0, 0.0, 0.004500150680541992, 0.0, 0.0, 1.0, 0.699999988079071/
2019-04-12T10:50:01.356415,/0.0, 19711.0, 0.0, 0.004500150680541992, 0.0, 0.0, 1.0, 0.699999988079071/
2019-04-12T10:50:03.833557,/0.0, 19710.5, 0.0, 0.004500150680541992, 0.0, 0.0, 1.0, 0.699999988079071/
2019-04-12T10:50:06.436706,/0.0, 19711.0, 0.0, 0.004500150680541992, 0.0, 0.0, 1.0, 0.699999988079071/
2019-04-12T10:50:08.993852,/0.0, 19711.0, 0.0, 0.004500150680541992, 0.0, 0.0, 1.0, 0.699999988079071/
2019-04-12T10:50:11.551998,/0.0, 19710.0, 0.0, 0.004500150680541992, 0.0, 0.0, 1.0, 0.699999988079071/
2019-04-12T10:50:14.073142,/0.0, 19713.0, 0.0, 0.004500150680541992, 0.0, 0.0, 1.0, 0.699999988079071/
2019-04-12T10:50:16.476280,/0.0, 19710.5, 0.0, 0.004500150680541992, 0.0, 0.0, 1.0, 0.699999988079071/
2019-04-12T10:50:18.950421,/0.0, 19710.5, 0.0, 0.004500150680541992, 0.0, 0.0, 1.0, 0.699999988079071/
2019-04-12T10:50:21.316557,/0.0, 19711.0, 0.0, 0.004500150680541992, 0.0, 0.0, 1.0, 0.699999988079071/
2019-04-12T10:50:23.834701,/0.0, 19711.5, 0.0, 0.004500150680541992, 0.0, 0.0, 1.0, 0.699999988079071/
2019-04-12T10:50:26.315843,/0.0, 19709.5, 0.0, 0.004500150680541992, 0.0, 0.0, 1.0, 0.699999988079071/
2019-04-12T10:50:28.830986,/0.0, 19710.0, 0.0, 0.004500150680541992, 0.0, 0.0, 1.0, 0.699999988079071/
2019-04-12T10:50:31.351131,/0.0, 19712.0, 0.0, 0.004500150680541992, 0.0, 0.0, 1.0, 0.699999988079071/
2019-04-12T10:50:33.792270,/0.0, 19709.5, 0.0, 0.004500150680541992, 0.0, 0.0, 1.0, 0.699999988079071/
2019-04-12T10:50:36.352417,/0.0, 19709.5, 0.0, 0.004500150680541992, 0.0, 0.0, 1.0, 0.699999988079071/
2019-04-12T10:50:38.751554,/0.0, 19709.5, 0.0, 0.004500150680541992, 0.0, 0.0, 1.0, 0.699999988079071/
2019-04-12T10:50:41.313700,/0.0, 19710.5, 0.0, 0.004500150680541992, 0.0, 0.0, 1.0, 0.699999988079071/
2019-04-12T10:50:43.712838,/0.0, 19709.0, 0.0, 0.004500150680541992, 0.0, 0.0, 1.0, 0.699999988079071/
2019-04-12T10:50:46.195980,/0.0, 19711.5, 0.0, 0.004500150680541992, 0.0, 0.0, 1.0, 0.699999988079071/
2019-04-12T10:50:48.716124,/0.0, 19709.5, 0.0, 0.004500150680541992, 0.0, 0.0, 1.0, 0.699999988079071/
2019-04-12T10:50:51.276270,/0.0, 19710.0, 0.0, 0.004500150680541992, 0.0, 0.0, 1.0, 0.699999988079071/
2019-04-12T10:50:53.796414,/0.0, 19710.0, 0.0, 0.004500150680541992, 0.0, 0.0, 1.0, 0.699999988079071/
2019-04-12T10:50:56.316559,/0.0, 19710.5, 0.0, 0.004500150680541992, 0.0, 0.0, 1.0, 0.699999988079071/
2019-04-12T10:50:58.792700,/0.0, 19709.5, 0.0, 0.004500150680541992, 0.0, 0.0, 1.0, 0.699999988079071/
2019-04-12T10:51:01.352847,/0.0, 19711.5, 0.0, 0.004500150680541992, 0.0, 0.0, 1.0, 0.699999988079071/
2019-04-12T10:51:03.755984,/0.0, 19711.0, 0.0, 0.004500150680541992, 0.0, 0.0, 1.0, 0.699999988079071/
2019-04-12T10:51:06.392135,/0.0, 19709.0, 0.0, 0.004500150680541992, 0.0, 0.0, 1.0, 0.699999988079071/
2019-04-12T10:51:08.916279,/0.0, 19707.5, 0.0, 0.004500150680541992, 0.0, 0.0, 1.0, 0.699999988079071/
2019-04-12T10:51:11.511428,/0.0, 19710.0, 0.0, 0.004500150680541992, 0.0, 0.0, 1.0, 0.699999988079071/
2019-04-12T10:51:14.073574,/0.0, 19710.5, 0.0, 0.004500150680541992, 0.0, 0.0, 1.0, 0.699999988079071/
2019-04-12T10:51:16.553716,/0.0, 19711.0, 0.0, 0.004500150680541992, 0.0, 0.0, 1.0, 0.699999988079071/
2019-04-12T10:51:19.111862,/0.0, 19711.0, 0.0, 0.004500150680541992, 0.0, 0.0, 1.0, 0.699999988079071/
2019-04-12T10:51:21.634007,/0.0, 19709.0, 0.0, 0.004500150680541992, 0.0, 0.0, 1.0, 0.699999988079071/
2019-04-12T10:51:24.156151,/0.0, 19708.5, 0.0, 0.004500150680541992, 0.0, 0.0, 1.0, 0.699999988079071/
2019-04-12T10:51:26.591290,/0.0, 19710.5, 0.0, 0.004500150680541992, 0.0, 0.0, 1.0, 0.699999988079071/
2019-04-12T10:51:29.070432,/0.0, 19710.0, 0.0, 0.004500150680541992, 0.0, 0.0, 1.0, 0.699999988079071/
2019-04-12T10:51:31.590576,/0.0, 19710.0, 0.0, 0.004500150680541992, 0.0, 0.0, 1.0, 0.699999988079071/
2019-04-12T10:51:34.154723,/0.0, 19710.5, 0.0, 0.004500150680541992, 0.0, 0.0, 1.0, 0.699999988079071/
2019-04-12T10:51:36.633865,/0.0, 19709.5, 0.0, 0.004500150680541992, 0.0, 0.0, 1.0, 0.699999988079071/
2019-04-12T10:51:39.196011,/0.0, 19708.5, 0.0, 0.004500150680541992, 0.0, 0.0, 1.0, 0.699999988079071/
2019-04-12T10:51:41.758158,/0.0, 19708.5, 0.0, 0.004500150680541992, 0.0, 0.0, 1.0, 0.699999988079071/
2019-04-12T10:51:44.315304,/0.0, 19709.0, 0.0, 0.004500150680541992, 0.0, 0.0, 1.0, 0.699999988079071/
2019-04-12T10:51:46.753443,/0.0, 19709.5, 0.0, 0.004500150680541992, 0.0, 0.0, 1.0, 0.699999988079071/
2019-04-12T10:51:49.315590,/0.0, 19708.0, 0.0, 0.004500150680541992, 0.0, 0.0, 1.0, 0.699999988079071/
2019-04-12T10:51:51.833734,/0.0, 19709.0, 0.0, 0.004500150680541992, 0.0, 0.0, 1.0, 0.699999988079071/
2019-04-12T10:51:54.434883,/0.0, 19710.0, 0.0, 0.004500150680541992, 0.0, 0.0, 1.0, 0.699999988079071/
2019-04-12T10:51:57.031031,/0.0, 19709.0, 0.0, 0.004500150680541992, 0.0, 0.0, 1.0, 0.699999988079071/
2019-04-12T10:51:59.638180,/0.0, 19710.0, 0.0, 0.004500150680541992, 0.0, 0.0, 1.0, 0.699999988079071/
2019-04-12T10:52:02.038318,/0.0, 19710.0, 0.0, 0.004500150680541992, 0.0, 0.0, 1.0, 0.699999988079071/
2019-04-12T10:52:04.635466,/0.0, 19708.0, 0.0, 0.004500150680541992, 0.0, 0.0, 1.0, 0.699999988079071/
2019-04-12T10:52:07.154610,/0.0, 19709.5, 0.0, 0.004500150680541992, 0.0, 0.0, 1.0, 0.699999988079071/
2019-04-12T10:52:09.749759,/0.0, 19710.5, 0.0, 0.004500150680541992, 0.0, 0.0, 1.0, 0.699999988079071/
2019-04-12T10:52:12.272903,/0.0, 19709.0, 0.0, 0.004500150680541992, 0.0, 0.0, 1.0, 0.699999988079071/
2019-04-12T10:52:14.716043,/0.0, 19707.5, 0.0, 0.004500150680541992, 0.0, 0.0, 1.0, 0.699999988079071/
2019-04-12T10:52:17.316191,/0.0, 19708.5, 0.0, 0.004500150680541992, 0.0, 0.0, 1.0, 0.699999988079071/
2019-04-12T10:52:19.756331,/0.0, 19709.0, 0.0, 0.004500150680541992, 0.0, 0.0, 1.0, 0.699999988079071/
2019-04-12T10:52:22.392482,/0.0, 19709.5, 0.0, 0.004500150680541992, 0.0, 0.0, 1.0, 0.699999988079071/
2019-04-12T10:52:24.830621,/0.0, 19709.0, 0.0, 0.004500150680541992, 0.0, 0.0, 1.0, 0.699999988079071/
2019-04-12T10:52:27.353766,/0.0, 19708.5, 0.0, 0.004500150680541992, 0.0, 0.0, 1.0, 0.699999988079071/
2019-04-12T10:52:29.914912,/0.0, 19709.0, 0.0, 0.004500150680541992, 0.0, 0.0, 1.0, 0.699999988079071/
2019-04-12T10:52:32.473058,/0.0, 19709.0, 0.0, 0.004500150680541992, 0.0, 0.0, 1.0, 0.699999988079071/
2019-04-12T10:52:35.032205,/0.0, 19707.5, 0.0, 0.004500150680541992, 0.0, 0.0, 1.0, 0.699999988079071/
2019-04-12T10:52:37.553349,/0.0, 19708.5, 0.0, 0.004500150680541992, 0.0, 0.0, 1.0, 0.699999988079071/
2019-04-12T10:52:40.191500,/0.0, 19708.5, 0.0, 0.004500150680541992, 0.0, 0.0, 1.0, 0.699999988079071/
2019-04-12T10:52:42.751646,/0.0, 19707.5, 0.0, 0.004500150680541992, 0.0, 0.0, 1.0, 0.699999988079071/
2019-04-12T10:52:45.194786,/0.0, 19708.0, 0.0, 0.004500150680541992, 0.0, 0.0, 1.0, 0.699999988079071/
2019-04-12T10:52:47.634926,/0.0, 19708.0, 0.0, 0.004500150680541992, 0.0, 0.0, 1.0, 0.699999988079071/
2019-04-12T10:52:50.238074,/0.0, 19707.5, 0.0, 0.004500150680541992, 0.0, 0.0, 1.0, 0.699999988079071/
2019-04-12T10:52:52.752218,/0.0, 19708.0, 0.0, 0.004500150680541992, 0.0, 0.0, 1.0, 0.699999988079071/
2019-04-12T10:52:55.349367,/0.0, 19710.0, 0.0, 0.004500150680541992, 0.0, 0.0, 1.0, 0.699999988079071/
2019-04-12T10:52:57.870511,/0.0, 19709.0, 0.0, 0.004500150680541992, 0.0, 0.0, 1.0, 0.699999988079071/
2019-04-12T10:53:00.471660,/0.0, 19707.5, 0.0, 0.004500150680541992, 0.0, 0.0, 1.0, 0.699999988079071/
2019-04-12T10:53:03.033806,/0.0, 19708.5, 0.0, 0.004500150680541992, 0.0, 0.0, 1.0, 0.699999988079071/
2019-04-12T10:53:05.509948,/0.0, 19708.5, 0.0, 0.004500150680541992, 0.0, 0.0, 1.0, 0.699999988079071/
2019-04-12T10:53:08.037093,/0.0, 19710.0, 0.0, 0.004500150680541992, 0.0, 0.0, 1.0, 0.699999988079071/
2019-04-12T10:53:10.508234,/0.0, 19709.0, 0.0, 0.004500150680541992, 0.0, 0.0, 1.0, 0.699999988079071/
2019-04-12T10:53:12.948373,/0.0, 19709.0, 0.0, 0.004500150680541992, 0.0, 0.0, 1.0, 0.699999988079071/
2019-04-12T10:53:15.354511,/0.0, 19707.0, 0.0, 0.004500150680541992, 0.0, 0.0, 1.0, 0.699999988079071/
2019-04-12T10:53:17.911657,/0.0, 19709.5, 0.0, 0.004500150680541992, 0.0, 0.0, 1.0, 0.699999988079071/
2019-04-12T10:53:20.311795,/0.0, 19708.5, 0.0, 0.004500150680541992, 0.0, 0.0, 1.0, 0.699999988079071/
2019-04-12T10:53:22.788936,/0.0, 19709.5, 0.0, 0.004500150680541992, 0.0, 0.0, 1.0, 0.699999988079071/
2019-04-12T10:53:25.270078,/0.0, 19709.0, 0.0, 0.004500150680541992, 0.0, 0.0, 1.0, 0.699999988079071/
2019-04-12T10:53:27.834225,/0.0, 19708.0, 0.0, 0.004500150680541992, 0.0, 0.0, 1.0, 0.699999988079071/
2019-04-12T10:53:30.351369,/0.0, 19709.5, 0.0, 0.004500150680541992, 0.0, 0.0, 1.0, 0.699999988079071/
2019-04-12T10:53:32.828511,/0.0, 19709.5, 0.0, 0.004500150680541992, 0.0, 0.0, 1.0, 0.699999988079071/
2019-04-12T10:53:35.392657,/0.0, 19709.5, 0.0, 0.004500150680541992, 0.0, 0.0, 1.0, 0.699999988079071/
2019-04-12T10:53:37.992806,/0.0, 19709.0, 0.0, 0.004500150680541992, 0.0, 0.0, 1.0, 0.699999988079071/
2019-04-12T10:53:40.476948,/0.0, 19710.0, 0.0, 0.004500150680541992, 0.0, 0.0, 1.0, 0.699999988079071/
2019-04-12T10:53:43.071096,/0.0, 19708.5, 0.0, 0.004500150680541992, 0.0, 0.0, 1.0, 0.699999988079071/
2019-04-12T10:53:45.670245,/0.0, 19710.0, 0.0, 0.004500150680541992, 0.0, 0.0, 1.0, 0.699999988079071/
2019-04-12T10:53:48.073382,/0.0, 19709.5, 0.0, 0.004500150680541992, 0.0, 0.0, 1.0, 0.699999988079071/
2019-04-12T10:53:50.554524,/0.0, 19707.5, 0.0, 0.004500150680541992, 0.0, 0.0, 1.0, 0.699999988079071/
2019-04-12T10:53:53.152673,/0.0, 19710.0, 0.0, 0.004500150680541992, 0.0, 0.0, 1.0, 0.699999988079071/
2019-04-12T10:53:55.667817,/0.0, 19707.0, 0.0, 0.004500150680541992, 0.0, 0.0, 1.0, 0.699999988079071/
2019-04-12T10:53:58.153959,/0.0, 19709.5, 0.0, 0.004500150680541992, 0.0, 0.0, 1.0, 0.699999988079071/
2019-04-12T10:54:00.670103,/0.0, 19708.0, 0.0, 0.004500150680541992, 0.0, 0.0, 1.0, 0.699999988079071/
2019-04-12T10:54:03.268252,/0.0, 19707.5, 0.0, 0.004500150680541992, 0.0, 0.0, 1.0, 0.699999988079071/
2019-04-12T10:54:05.712391,/0.0, 19707.0, 0.0, 0.004500150680541992, 0.0, 0.0, 1.0, 0.699999988079071/
2019-04-12T10:54:08.190533,/0.0, 19710.5, 0.0, 0.004500150680541992, 0.0, 0.0, 1.0, 0.699999988079071/
2019-04-12T10:54:10.708677,/0.0, 19707.0, 0.0, 0.004500150680541992, 0.0, 0.0, 1.0, 0.699999988079071/
2019-04-12T10:54:13.192819,/0.0, 19709.0, 0.0, 0.004500150680541992, 0.0, 0.0, 1.0, 0.699999988079071/
2019-04-12T10:54:15.711963,/0.0, 19709.0, 0.0, 0.004500150680541992, 0.0, 0.0, 1.0, 0.699999988079071/
2019-04-12T10:54:18.233108,/0.0, 19709.0, 0.0, 0.004500150680541992, 0.0, 0.0, 1.0, 0.699999988079071/
2019-04-12T10:54:20.870258,/0.0, 19708.5, 0.0, 0.004500150680541992, 0.0, 0.0, 1.0, 0.699999988079071/
2019-04-12T10:54:23.468407,/0.0, 19707.5, 0.0, 0.004500150680541992, 0.0, 0.0, 1.0, 0.699999988079071/
2019-04-12T10:54:25.955549,/0.0, 19708.0, 0.0, 0.004500150680541992, 0.0, 0.0, 1.0, 0.699999988079071/
2019-04-12T10:54:28.472693,/0.0, 19708.5, 0.0, 0.004500150680541992, 0.0, 0.0, 1.0, 0.699999988079071/
2019-04-12T10:54:30.988837,/0.0, 19707.5, 0.0, 0.004500150680541992, 0.0, 0.0, 1.0, 0.699999988079071/
2019-04-12T10:54:33.506981,/0.0, 19709.0, 0.0, 0.004500150680541992, 0.0, 0.0, 1.0, 0.699999988079071/
2019-04-12T10:54:36.031126,/0.0, 19708.5, 0.0, 0.004500150680541992, 0.0, 0.0, 1.0, 0.699999988079071/
2019-04-12T10:54:38.511267,/0.0, 19709.5, 0.0, 0.004500150680541992, 0.0, 0.0, 1.0, 0.699999988079071/
2019-04-12T10:54:41.107416,/0.0, 19709.0, 0.0, 0.004500150680541992, 0.0, 0.0, 1.0, 0.699999988079071/
2019-04-12T10:54:43.592558,/0.0, 19709.0, 0.0, 0.004500150680541992, 0.0, 0.0, 1.0, 0.699999988079071/
2019-04-12T10:54:46.266711,/0.0, 19709.0, 0.0, 0.004500150680541992, 0.0, 0.0, 1.0, 0.699999988079071/
2019-04-12T10:54:48.748853,/0.0, 19708.5, 0.0, 0.004500150680541992, 0.0, 0.0, 1.0, 0.699999988079071/
2019-04-12T10:54:51.274997,/0.0, 19709.0, 0.0, 0.004500150680541992, 0.0, 0.0, 1.0, 0.699999988079071/
2019-04-12T10:54:53.831144,/0.0, 19707.5, 0.0, 0.004500150680541992, 0.0, 0.0, 1.0, 0.699999988079071/
2019-04-12T10:54:56.427292,/0.0, 19707.5, 0.0, 0.004500150680541992, 0.0, 0.0, 1.0, 0.699999988079071/
2019-04-12T10:54:58.952437,/0.0, 19707.5, 0.0, 0.004500150680541992, 0.0, 0.0, 1.0, 0.699999988079071/
2019-04-12T10:55:01.469581,/0.0, 19707.5, 0.0, 0.004500150680541992, 0.0, 0.0, 1.0, 0.699999988079071/
2019-04-12T10:55:03.949722,/0.0, 19706.5, 0.0, 0.004500150680541992, 0.0, 0.0, 1.0, 0.699999988079071/
2019-04-12T10:55:06.466866,/0.0, 19709.5, 0.0, 0.004500150680541992, 0.0, 0.0, 1.0, 0.699999988079071/
2019-04-12T10:55:08.987010,/0.0, 19709.5, 0.0, 0.004500150680541992, 0.0, 0.0, 1.0, 0.699999988079071/
2019-04-12T10:55:11.510155,/0.0, 19708.5, 0.0, 0.004500150680541992, 0.0, 0.0, 1.0, 0.699999988079071/
2019-04-12T10:55:13.992297,/0.0, 19708.5, 0.0, 0.004500150680541992, 0.0, 0.0, 1.0, 0.699999988079071/
2019-04-12T10:55:16.509441,/0.0, 19709.0, 0.0, 0.004500150680541992, 0.0, 0.0, 1.0, 0.699999988079071/
2019-04-12T10:55:19.068587,/0.0, 19707.5, 0.0, 0.004500150680541992, 0.0, 0.0, 1.0, 0.699999988079071/
2019-04-12T10:55:21.549729,/0.0, 19710.0, 0.0, 0.004500150680541992, 0.0, 0.0, 1.0, 0.699999988079071/
2019-04-12T10:55:24.027871,/0.0, 19709.0, 0.0, 0.004500150680541992, 0.0, 0.0, 1.0, 0.699999988079071/
2019-04-12T10:55:26.549015,/0.0, 19708.0, 0.0, 0.004500150680541992, 0.0, 0.0, 1.0, 0.699999988079071/
2019-04-12T10:55:29.029157,/0.0, 19710.0, 0.0, 0.004500150680541992, 0.0, 0.0, 1.0, 0.699999988079071/
2019-04-12T10:55:31.592303,/0.0, 19708.5, 0.0, 0.004500150680541992, 0.0, 0.0, 1.0, 0.699999988079071/
2019-04-12T10:55:34.068445,/0.0, 19707.5, 0.0, 0.004500150680541992, 0.0, 0.0, 1.0, 0.699999988079071/
2019-04-12T10:55:36.585589,/0.0, 19708.5, 0.0, 0.004500150680541992, 0.0, 0.0, 1.0, 0.699999988079071/
2019-04-12T10:55:39.025729,/0.0, 19708.0, 0.0, 0.004500150680541992, 0.0, 0.0, 1.0, 0.699999988079071/
2019-04-12T10:55:41.467868,/0.0, 19708.0, 0.0, 0.004500150680541992, 0.0, 0.0, 1.0, 0.699999988079071/
2019-04-12T10:55:43.911008,/0.0, 19707.5, 0.0, 0.004500150680541992, 0.0, 0.0, 1.0, 0.699999988079071/
2019-04-12T10:55:46.508157,/0.0, 19707.0, 0.0, 0.004500150680541992, 0.0, 0.0, 1.0, 0.699999988079071/
2019-04-12T10:55:48.911294,/0.0, 19707.5, 0.0, 0.004500150680541992, 0.0, 0.0, 1.0, 0.699999988079071/
2019-04-12T10:55:51.430438,/0.0, 19708.0, 0.0, 0.004500150680541992, 0.0, 0.0, 1.0, 0.699999988079071/
2019-04-12T10:55:53.905580,/0.0, 19708.0, 0.0, 0.004500150680541992, 0.0, 0.0, 1.0, 0.699999988079071/
2019-04-12T10:55:56.350720,/0.0, 19707.5, 0.0, 0.004500150680541992, 0.0, 0.0, 1.0, 0.699999988079071/
2019-04-12T10:55:58.911866,/0.0, 19707.0, 0.0, 0.004500150680541992, 0.0, 0.0, 1.0, 0.699999988079071/
2019-04-12T10:56:01.394008,/0.0, 19708.5, 0.0, 0.004500150680541992, 0.0, 0.0, 1.0, 0.699999988079071/
2019-04-12T10:56:03.912152,/0.0, 19707.5, 0.0, 0.004500150680541992, 0.0, 0.0, 1.0, 0.699999988079071/
2019-04-12T10:56:06.507300,/0.0, 19708.5, 0.0, 0.004500150680541992, 0.0, 0.0, 1.0, 0.699999988079071/
2019-04-12T10:56:09.074447,/0.0, 19708.0, 0.0, 0.004500150680541992, 0.0, 0.0, 1.0, 0.699999988079071/
2019-04-12T10:56:11.508587,/0.0, 19706.5, 0.0, 0.004500150680541992, 0.0, 0.0, 1.0, 0.699999988079071/
2019-04-12T10:56:14.109735,/0.0, 19706.5, 0.0, 0.004500150680541992, 0.0, 0.0, 1.0, 0.699999988079071/
2019-04-12T10:56:16.507872,/0.0, 19707.5, 0.0, 0.004500150680541992, 0.0, 0.0, 1.0, 0.699999988079071/
2019-04-12T10:56:19.028017,/0.0, 19709.0, 0.0, 0.004500150680541992, 0.0, 0.0, 1.0, 0.699999988079071/
2019-04-12T10:56:21.471156,/0.0, 19707.5, 0.0, 0.004500150680541992, 0.0, 0.0, 1.0, 0.699999988079071/
2019-04-12T10:56:24.068305,/0.0, 19708.5, 0.0, 0.004500150680541992, 0.0, 0.0, 1.0, 0.699999988079071/
2019-04-12T10:56:26.671454,/0.0, 19708.0, 0.0, 0.004500150680541992, 0.0, 0.0, 1.0, 0.699999988079071/
2019-04-12T10:56:29.224600,/0.0, 19708.0, 0.0, 0.004500150680541992, 0.0, 0.0, 1.0, 0.699999988079071/
2019-04-12T10:56:31.749744,/0.0, 19709.0, 0.0, 0.004500150680541992, 0.0, 0.0, 1.0, 0.699999988079071/
2019-04-12T10:56:34.190884,/0.0, 19709.5, 0.0, 0.004500150680541992, 0.0, 0.0, 1.0, 0.699999988079071/
2019-04-12T10:56:36.668026,/0.0, 19708.0, 0.0, 0.004500150680541992, 0.0, 0.0, 1.0, 0.699999988079071/
2019-04-12T10:56:39.146167,/0.0, 19709.0, 0.0, 0.004500150680541992, 0.0, 0.0, 1.0, 0.699999988079071/
2019-04-12T10:56:41.628309,/0.0, 19708.0, 0.0, 0.004500150680541992, 0.0, 0.0, 1.0, 0.699999988079071/
2019-04-12T10:56:44.227458,/0.0, 19707.0, 0.0, 0.004500150680541992, 0.0, 0.0, 1.0, 0.699999988079071/
2019-04-12T10:56:46.786604,/0.0, 19708.5, 0.0, 0.004500150680541992, 0.0, 0.0, 1.0, 0.699999988079071/
2019-04-12T10:56:49.225744,/0.0, 19708.0, 0.0, 0.004500150680541992, 0.0, 0.0, 1.0, 0.699999988079071/
2019-04-12T10:56:51.708886,/0.0, 19709.0, 0.0, 0.004500150680541992, 0.0, 0.0, 1.0, 0.699999988079071/
2019-04-12T10:56:54.269032,/0.0, 19708.5, 0.0, 0.004500150680541992, 0.0, 0.0, 1.0, 0.699999988079071/
2019-04-12T10:56:56.667169,/0.0, 19708.0, 0.0, 0.004500150680541992, 0.0, 0.0, 1.0, 0.699999988079071/
2019-04-12T10:56:59.265318,/0.0, 19706.5, 0.0, 0.004500150680541992, 0.0, 0.0, 1.0, 0.699999988079071/
2019-04-12T10:57:01.829465,/0.0, 19708.0, 0.0, 0.004500150680541992, 0.0, 0.0, 1.0, 0.699999988079071/
2019-04-12T10:57:04.309607,/0.0, 19708.0, 0.0, 0.004500150680541992, 0.0, 0.0, 1.0, 0.699999988079071/
2019-04-12T10:57:06.744746,/0.0, 19707.5, 0.0, 0.004500150680541992, 0.0, 0.0, 1.0, 0.699999988079071/
2019-04-12T10:57:09.265890,/0.0, 19708.0, 0.0, 0.004500150680541992, 0.0, 0.0, 1.0, 0.699999988079071/
2019-04-12T10:57:11.710030,/0.0, 19707.5, 0.0, 0.004500150680541992, 0.0, 0.0, 1.0, 0.699999988079071/
2019-04-12T10:57:14.189172,/0.0, 19708.5, 0.0, 0.004500150680541992, 0.0, 0.0, 1.0, 0.699999988079071/
2019-04-12T10:57:16.829323,/0.0, 19707.0, 0.0, 0.004500150680541992, 0.0, 0.0, 1.0, 0.699999988079071/
2019-04-12T10:57:19.267462,/0.0, 19708.5, 0.0, 0.004500150680541992, 0.0, 0.0, 1.0, 0.699999988079071/
2019-04-12T10:57:21.830609,/0.0, 19707.0, 0.0, 0.004500150680541992, 0.0, 0.0, 1.0, 0.699999988079071/
2019-04-12T10:57:24.390755,/0.0, 19708.5, 0.0, 0.004500150680541992, 0.0, 0.0, 1.0, 0.699999988079071/
2019-04-12T10:57:26.907899,/0.0, 19708.5, 0.0, 0.004500150680541992, 0.0, 0.0, 1.0, 0.699999988079071/
2019-04-12T10:57:29.424043,/0.0, 19708.5, 0.0, 0.004500150680541992, 0.0, 0.0, 1.0, 0.699999988079071/
2019-04-12T10:57:31.992190,/0.0, 19708.0, 0.0, 0.004500150680541992, 0.0, 0.0, 1.0, 0.699999988079071/
2019-04-12T10:57:34.504334,/0.0, 19707.5, 0.0, 0.004500150680541992, 0.0, 0.0, 1.0, 0.699999988079071/
2019-04-12T10:57:36.944473,/0.0, 19708.0, 0.0, 0.004500150680541992, 0.0, 0.0, 1.0, 0.699999988079071/
2019-04-12T10:57:39.509620,/0.0, 19709.0, 0.0, 0.004500150680541992, 0.0, 0.0, 1.0, 0.699999988079071/
2019-04-12T10:57:41.949759,/0.0, 19707.0, 0.0, 0.004500150680541992, 0.0, 0.0, 1.0, 0.699999988079071/
2019-04-12T10:57:44.544908,/0.0, 19707.5, 0.0, 0.004500150680541992, 0.0, 0.0, 1.0, 0.699999988079071/
2019-04-12T10:57:47.106054,/0.0, 19707.0, 0.0, 0.004500150680541992, 0.0, 0.0, 1.0, 0.699999988079071/
2019-04-12T10:57:49.667201,/0.0, 19707.0, 0.0, 0.004500150680541992, 0.0, 0.0, 1.0, 0.699999988079071/
2019-04-12T10:57:52.186345,/0.0, 19707.0, 0.0, 0.004500150680541992, 0.0, 0.0, 1.0, 0.699999988079071/
2019-04-12T10:57:54.743491,/0.0, 19707.5, 0.0, 0.004500150680541992, 0.0, 0.0, 1.0, 0.699999988079071/
2019-04-12T10:57:57.227633,/0.0, 19707.5, 0.0, 0.004500150680541992, 0.0, 0.0, 1.0, 0.699999988079071/
2019-04-12T10:57:59.783779,/0.0, 19707.5, 0.0, 0.004500150680541992, 0.0, 0.0, 1.0, 0.699999988079071/
2019-04-12T10:58:02.266922,/0.0, 19709.0, 0.0, 0.004500150680541992, 0.0, 0.0, 1.0, 0.699999988079071/
2019-04-12T10:58:04.789066,/0.0, 19707.0, 0.0, 0.004500150680541992, 0.0, 0.0, 1.0, 0.699999988079071/
2019-04-12T10:58:07.306210,/0.0, 19708.0, 0.0, 0.004500150680541992, 0.0, 0.0, 1.0, 0.699999988079071/
2019-04-12T10:58:09.866356,/0.0, 19706.0, 0.0, 0.004500150680541992, 0.0, 0.0, 1.0, 0.699999988079071/
2019-04-12T10:58:12.346498,/0.0, 19708.5, 0.0, 0.004500150680541992, 0.0, 0.0, 1.0, 0.699999988079071/
2019-04-12T10:58:14.705633,/0.0, 19707.5, 0.0, 0.004500150680541992, 0.0, 0.0, 1.0, 0.699999988079071/
2019-04-12T10:58:17.228777,/0.0, 19708.0, 0.0, 0.004500150680541992, 0.0, 0.0, 1.0, 0.699999988079071/
2019-04-12T10:58:19.705919,/0.0, 19708.5, 0.0, 0.004500150680541992, 0.0, 0.0, 1.0, 0.699999988079071/
2019-04-12T10:58:22.265065,/0.0, 19709.0, 0.0, 0.004500150680541992, 0.0, 0.0, 1.0, 0.699999988079071/
2019-04-12T10:58:24.869214,/0.0, 19709.0, 0.0, 0.004500150680541992, 0.0, 0.0, 1.0, 0.699999988079071/
2019-04-12T10:58:27.347356,/0.0, 19707.5, 0.0, 0.004500150680541992, 0.0, 0.0, 1.0, 0.699999988079071/
2019-04-12T10:58:29.745493,/0.0, 19708.0, 0.0, 0.004500150680541992, 0.0, 0.0, 1.0, 0.699999988079071/
2019-04-12T10:58:32.303640,/0.0, 19708.0, 0.0, 0.004500150680541992, 0.0, 0.0, 1.0, 0.699999988079071/
2019-04-12T10:58:34.826784,/0.0, 19707.5, 0.0, 0.004500150680541992, 0.0, 0.0, 1.0, 0.699999988079071/
2019-04-12T10:58:37.349928,/0.0, 19707.5, 0.0, 0.004500150680541992, 0.0, 0.0, 1.0, 0.699999988079071/
2019-04-12T10:58:39.831070,/0.0, 19707.5, 0.0, 0.004500150680541992, 0.0, 0.0, 1.0, 0.699999988079071/
2019-04-12T10:58:42.344214,/0.0, 19708.5, 0.0, 0.004500150680541992, 0.0, 0.0, 1.0, 0.699999988079071/
2019-04-12T10:58:44.791354,/0.0, 19707.0, 0.0, 0.004500150680541992, 0.0, 0.0, 1.0, 0.699999988079071/
2019-04-12T10:58:47.386502,/0.0, 19710.5, 0.0, 0.004500150680541992, 0.0, 0.0, 1.0, 0.699999988079071/
2019-04-12T10:58:49.862644,/0.0, 19708.5, 0.0, 0.004500150680541992, 0.0, 0.0, 1.0, 0.699999988079071/
2019-04-12T10:58:52.348786,/0.0, 19707.5, 0.0, 0.004500150680541992, 0.0, 0.0, 1.0, 0.699999988079071/
2019-04-12T10:58:54.906932,/0.0, 19707.5, 0.0, 0.004500150680541992, 0.0, 0.0, 1.0, 0.699999988079071/
2019-04-12T10:58:57.503081,/0.0, 19708.5, 0.0, 0.004500150680541992, 0.0, 0.0, 1.0, 0.699999988079071/
2019-04-12T10:58:59.907218,/0.0, 19708.0, 0.0, 0.004500150680541992, 0.0, 0.0, 1.0, 0.699999988079071/
2019-04-12T10:59:02.346358,/0.0, 19707.0, 0.0, 0.004500150680541992, 0.0, 0.0, 1.0, 0.699999988079071/
2019-04-12T10:59:04.902504,/0.0, 19708.0, 0.0, 0.004500150680541992, 0.0, 0.0, 1.0, 0.699999988079071/
2019-04-12T10:59:07.346644,/0.0, 19704.5, 0.0, 0.004500150680541992, 0.0, 0.0, 1.0, 0.699999988079071/
2019-04-12T10:59:09.864788,/0.0, 19709.0, 0.0, 0.004500150680541992, 0.0, 0.0, 1.0, 0.699999988079071/
2019-04-12T10:59:12.350930,/0.0, 19708.0, 0.0, 0.004500150680541992, 0.0, 0.0, 1.0, 0.699999988079071/
2019-04-12T10:59:14.867074,/0.0, 19708.0, 0.0, 0.004500150680541992, 0.0, 0.0, 1.0, 0.699999988079071/
2019-04-12T10:59:17.391218,/0.0, 19709.5, 0.0, 0.004500150680541992, 0.0, 0.0, 1.0, 0.699999988079071/
2019-04-12T10:59:19.908362,/0.0, 19708.0, 0.0, 0.004500150680541992, 0.0, 0.0, 1.0, 0.699999988079071/
2019-04-12T10:59:22.462508,/0.0, 19708.0, 0.0, 0.004500150680541992, 0.0, 0.0, 1.0, 0.699999988079071/
2019-04-12T10:59:24.944650,/0.0, 19706.5, 0.0, 0.004500150680541992, 0.0, 0.0, 1.0, 0.699999988079071/
2019-04-12T10:59:27.344788,/0.0, 19706.5, 0.0, 0.004500150680541992, 0.0, 0.0, 1.0, 0.699999988079071/
2019-04-12T10:59:29.781927,/0.0, 19706.0, 0.0, 0.004500150680541992, 0.0, 0.0, 1.0, 0.699999988079071/
2019-04-12T10:59:32.224067,/0.0, 19709.0, 0.0, 0.004500150680541992, 0.0, 0.0, 1.0, 0.699999988079071/
2019-04-12T10:59:34.750211,/0.0, 19708.0, 0.0, 0.004500150680541992, 0.0, 0.0, 1.0, 0.699999988079071/
2019-04-12T10:59:37.224353,/0.0, 19708.5, 0.0, 0.004500150680541992, 0.0, 0.0, 1.0, 0.699999988079071/
2019-04-12T10:59:39.747497,/0.0, 19707.5, 0.0, 0.004500150680541992, 0.0, 0.0, 1.0, 0.699999988079071/
2019-04-12T10:59:42.262641,/0.0, 19707.0, 0.0, 0.004500150680541992, 0.0, 0.0, 1.0, 0.699999988079071/
2019-04-12T10:59:44.662778,/0.0, 19709.0, 0.0, 0.004500150680541992, 0.0, 0.0, 1.0, 0.699999988079071/
2019-04-12T10:59:47.187923,/0.0, 19708.0, 0.0, 0.004500150680541992, 0.0, 0.0, 1.0, 0.699999988079071/
2019-04-12T10:59:49.703067,/0.0, 19709.0, 0.0, 0.004500150680541992, 0.0, 0.0, 1.0, 0.699999988079071/
2019-04-12T10:59:52.181208,/0.0, 19708.5, 0.0, 0.004500150680541992, 0.0, 0.0, 1.0, 0.699999988079071/
2019-04-12T10:59:54.706353,/0.0, 19709.5, 0.0, 0.004500150680541992, 0.0, 0.0, 1.0, 0.699999988079071/
2019-04-12T10:59:57.142492,/0.0, 19707.5, 0.0, 0.004500150680541992, 0.0, 0.0, 1.0, 0.699999988079071/
2019-04-12T10:59:59.581632,/0.0, 19707.5, 0.0, 0.004500150680541992, 0.0, 0.0, 1.0, 0.699999988079071/
2019-04-12T11:00:02.025771,/0.0, 19707.5, 0.0, 0.004500150680541992, 0.0, 0.0, 1.0, 0.699999988079071/
2019-04-12T11:00:04.582918,/0.0, 19709.0, 0.0, 0.004500150680541992, 0.0, 0.0, 1.0, 0.699999988079071/
2019-04-12T11:00:07.024057,/0.0, 19708.0, 0.0, 0.004500150680541992, 0.0, 0.0, 1.0, 0.699999988079071/
2019-04-12T11:00:09.463197,/0.0, 19707.5, 0.0, 0.004500150680541992, 0.0, 0.0, 1.0, 0.699999988079071/
2019-04-12T11:00:11.986341,/0.0, 19707.5, 0.0, 0.004500150680541992, 0.0, 0.0, 1.0, 0.699999988079071/
2019-04-12T11:00:14.623492,/0.0, 19709.0, 0.0, 0.004500150680541992, 0.0, 0.0, 1.0, 0.699999988079071/
2019-04-12T11:00:17.103634,/0.0, 19708.0, 0.0, 0.004500150680541992, 0.0, 0.0, 1.0, 0.699999988079071/
2019-04-12T11:00:19.626778,/0.0, 19709.0, 0.0, 0.004500150680541992, 0.0, 0.0, 1.0, 0.699999988079071/
2019-04-12T11:00:22.065918,/0.0, 19708.5, 0.0, 0.004500150680541992, 0.0, 0.0, 1.0, 0.699999988079071/
2019-04-12T11:00:24.586062,/0.0, 19707.0, 0.0, 0.004500150680541992, 0.0, 0.0, 1.0, 0.699999988079071/
2019-04-12T11:00:27.064203,/0.0, 19709.5, 0.0, 0.004500150680541992, 0.0, 0.0, 1.0, 0.699999988079071/
2019-04-12T11:00:29.662352,/0.0, 19708.0, 0.0, 0.004500150680541992, 0.0, 0.0, 1.0, 0.699999988079071/
2019-04-12T11:00:32.144494,/0.0, 19708.0, 0.0, 0.004500150680541992, 0.0, 0.0, 1.0, 0.699999988079071/
2019-04-12T11:00:34.624636,/0.0, 19707.5, 0.0, 0.004500150680541992, 0.0, 0.0, 1.0, 0.699999988079071/
2019-04-12T11:00:37.062775,/0.0, 19709.0, 0.0, 0.004500150680541992, 0.0, 0.0, 1.0, 0.699999988079071/
2019-04-12T11:00:39.660924,/0.0, 19707.5, 0.0, 0.004500150680541992, 0.0, 0.0, 1.0, 0.699999988079071/
2019-04-12T11:00:42.147066,/0.0, 19707.0, 0.0, 0.004500150680541992, 0.0, 0.0, 1.0, 0.699999988079071/
2019-04-12T11:00:44.706213,/0.0, 19707.5, 0.0, 0.004500150680541992, 0.0, 0.0, 1.0, 0.699999988079071/
2019-04-12T11:00:47.224357,/0.0, 19707.0, 0.0, 0.004500150680541992, 0.0, 0.0, 1.0, 0.699999988079071/
2019-04-12T11:00:49.700498,/0.0, 19708.5, 0.0, 0.004500150680541992, 0.0, 0.0, 1.0, 0.699999988079071/
2019-04-12T11:00:52.142638,/0.0, 19706.5, 0.0, 0.004500150680541992, 0.0, 0.0, 1.0, 0.699999988079071/
2019-04-12T11:00:54.660782,/0.0, 19708.5, 0.0, 0.004500150680541992, 0.0, 0.0, 1.0, 0.699999988079071/
2019-04-12T11:00:57.224929,/0.0, 19707.5, 0.0, 0.004500150680541992, 0.0, 0.0, 1.0, 0.699999988079071/
2019-04-12T11:00:59.789075,/0.0, 19707.0, 0.0, 0.004500150680541992, 0.0, 0.0, 1.0, 0.699999988079071/
2019-04-12T11:01:02.343221,/0.0, 19706.5, 0.0, 0.004500150680541992, 0.0, 0.0, 1.0, 0.699999988079071/
2019-04-12T11:01:04.700356,/0.0, 19705.0, 0.0, 0.004500150680541992, 0.0, 0.0, 1.0, 0.699999988079071/
2019-04-12T11:01:07.223500,/0.0, 19706.5, 0.0, 0.004500150680541992, 0.0, 0.0, 1.0, 0.699999988079071/
2019-04-12T11:01:09.740644,/0.0, 19706.0, 0.0, 0.004500150680541992, 0.0, 0.0, 1.0, 0.699999988079071/
2019-04-12T11:01:12.180784,/0.0, 19707.0, 0.0, 0.004500150680541992, 0.0, 0.0, 1.0, 0.699999988079071/
2019-04-12T11:01:14.705928,/0.0, 19708.0, 0.0, 0.004500150680541992, 0.0, 0.0, 1.0, 0.699999988079071/
2019-04-12T11:01:17.107066,/0.0, 19707.5, 0.0, 0.004500150680541992, 0.0, 0.0, 1.0, 0.699999988079071/
2019-04-12T11:01:19.741216,/0.0, 19708.0, 0.0, 0.004500150680541992, 0.0, 0.0, 1.0, 0.699999988079071/
2019-04-12T11:01:22.382367,/0.0, 19707.0, 0.0, 0.004500150680541992, 0.0, 0.0, 1.0, 0.699999988079071/
2019-04-12T11:01:24.899511,/0.0, 19707.0, 0.0, 0.004500150680541992, 0.0, 0.0, 1.0, 0.699999988079071/
2019-04-12T11:01:27.384654,/0.0, 19708.0, 0.0, 0.004500150680541992, 0.0, 0.0, 1.0, 0.699999988079071/
2019-04-12T11:01:29.899797,/0.0, 19706.5, 0.0, 0.004500150680541992, 0.0, 0.0, 1.0, 0.699999988079071/
2019-04-12T11:01:32.383940,/0.0, 19707.0, 0.0, 0.004500150680541992, 0.0, 0.0, 1.0, 0.699999988079071/
2019-04-12T11:01:34.861081,/0.0, 19706.5, 0.0, 0.004500150680541992, 0.0, 0.0, 1.0, 0.699999988079071/
2019-04-12T11:01:37.345223,/0.0, 19706.5, 0.0, 0.004500150680541992, 0.0, 0.0, 1.0, 0.699999988079071/
2019-04-12T11:01:39.825365,/0.0, 19706.5, 0.0, 0.004500150680541992, 0.0, 0.0, 1.0, 0.699999988079071/
2019-04-12T11:01:42.380511,/0.0, 19708.0, 0.0, 0.004500150680541992, 0.0, 0.0, 1.0, 0.699999988079071/
2019-04-12T11:01:44.859653,/0.0, 19704.5, 0.0, 0.004500150680541992, 0.0, 0.0, 1.0, 0.699999988079071/
2019-04-12T11:01:47.342795,/0.0, 19706.5, 0.0, 0.004500150680541992, 0.0, 0.0, 1.0, 0.699999988079071/
2019-04-12T11:01:49.903942,/0.0, 19708.0, 0.0, 0.004500150680541992, 0.0, 0.0, 1.0, 0.699999988079071/
2019-04-12T11:01:52.346081,/0.0, 19709.0, 0.0, 0.004500150680541992, 0.0, 0.0, 1.0, 0.699999988079071/
2019-04-12T11:01:54.901227,/0.0, 19706.0, 0.0, 0.004500150680541992, 0.0, 0.0, 1.0, 0.699999988079071/
2019-04-12T11:01:57.461374,/0.0, 19706.0, 0.0, 0.004500150680541992, 0.0, 0.0, 1.0, 0.699999988079071/
2019-04-12T11:01:59.906514,/0.0, 19706.5, 0.0, 0.004500150680541992, 0.0, 0.0, 1.0, 0.699999988079071/
2019-04-12T11:02:02.504662,/0.0, 19707.0, 0.0, 0.004500150680541992, 0.0, 0.0, 1.0, 0.699999988079071/
2019-04-12T11:02:05.024806,/0.0, 19706.0, 0.0, 0.004500150680541992, 0.0, 0.0, 1.0, 0.699999988079071/
2019-04-12T11:02:07.581953,/0.0, 19707.0, 0.0, 0.004500150680541992, 0.0, 0.0, 1.0, 0.699999988079071/
2019-04-12T11:02:10.066095,/0.0, 19706.0, 0.0, 0.004500150680541992, 0.0, 0.0, 1.0, 0.699999988079071/
2019-04-12T11:02:12.659243,/0.0, 19705.5, 0.0, 0.004500150680541992, 0.0, 0.0, 1.0, 0.699999988079071/
2019-04-12T11:02:15.147385,/0.0, 19707.5, 0.0, 0.004500150680541992, 0.0, 0.0, 1.0, 0.699999988079071/
2019-04-12T11:02:17.621527,/0.0, 19705.5, 0.0, 0.004500150680541992, 0.0, 0.0, 1.0, 0.699999988079071/
2019-04-12T11:02:20.139671,/0.0, 19706.0, 0.0, 0.004500150680541992, 0.0, 0.0, 1.0, 0.699999988079071/
2019-04-12T11:02:22.545809,/0.0, 19704.0, 0.0, 0.004500150680541992, 0.0, 0.0, 1.0, 0.699999988079071/
2019-04-12T11:02:24.906944,/0.0, 19706.0, 0.0, 0.004500150680541992, 0.0, 0.0, 1.0, 0.699999988079071/
2019-04-12T11:02:27.459090,/0.0, 19705.0, 0.0, 0.004500150680541992, 0.0, 0.0, 1.0, 0.699999988079071/
2019-04-12T11:02:29.983234,/0.0, 19706.5, 0.0, 0.004500150680541992, 0.0, 0.0, 1.0, 0.699999988079071/
2019-04-12T11:02:32.503378,/0.0, 19706.5, 0.0, 0.004500150680541992, 0.0, 0.0, 1.0, 0.699999988079071/
2019-04-12T11:02:34.945518,/0.0, 19706.0, 0.0, 0.004500150680541992, 0.0, 0.0, 1.0, 0.699999988079071/
2019-04-12T11:02:37.586669,/0.0, 19706.0, 0.0, 0.004500150680541992, 0.0, 0.0, 1.0, 0.699999988079071/
2019-04-12T11:02:40.059810,/0.0, 19705.5, 0.0, 0.004500150680541992, 0.0, 0.0, 1.0, 0.699999988079071/
2019-04-12T11:02:42.579955,/0.0, 19704.5, 0.0, 0.004500150680541992, 0.0, 0.0, 1.0, 0.699999988079071/
2019-04-12T11:02:45.061096,/0.0, 19705.5, 0.0, 0.004500150680541992, 0.0, 0.0, 1.0, 0.699999988079071/
2019-04-12T11:02:47.627243,/0.0, 19706.5, 0.0, 0.004500150680541992, 0.0, 0.0, 1.0, 0.699999988079071/
2019-04-12T11:02:50.145387,/0.0, 19707.0, 0.0, 0.004500150680541992, 0.0, 0.0, 1.0, 0.699999988079071/
2019-04-12T11:02:52.703534,/0.0, 19704.0, 0.0, 0.004500150680541992, 0.0, 0.0, 1.0, 0.699999988079071/
2019-04-12T11:02:55.298682,/0.0, 19705.5, 0.0, 0.004500150680541992, 0.0, 0.0, 1.0, 0.699999988079071/
2019-04-12T11:02:57.623815,/0.0, 19703.0, 0.0, 0.004500150680541992, 0.0, 0.0, 1.0, 0.699999988079071/
2019-04-12T11:03:00.102957,/0.0, 19704.5, 0.0, 0.004500150680541992, 0.0, 0.0, 1.0, 0.699999988079071/
2019-04-12T11:03:02.625101,/0.0, 19706.0, 0.0, 0.004500150680541992, 0.0, 0.0, 1.0, 0.699999988079071/
2019-04-12T11:03:05.105243,/0.0, 19705.5, 0.0, 0.004500150680541992, 0.0, 0.0, 1.0, 0.699999988079071/
2019-04-12T11:03:07.624387,/0.0, 19705.0, 0.0, 0.004500150680541992, 0.0, 0.0, 1.0, 0.699999988079071/
2019-04-12T11:03:10.140531,/0.0, 19704.5, 0.0, 0.004500150680541992, 0.0, 0.0, 1.0, 0.699999988079071/
2019-04-12T11:03:12.580670,/0.0, 19705.0, 0.0, 0.004500150680541992, 0.0, 0.0, 1.0, 0.699999988079071/
2019-04-12T11:03:15.063812,/0.0, 19707.5, 0.0, 0.004500150680541992, 0.0, 0.0, 1.0, 0.699999988079071/
2019-04-12T11:03:17.579956,/0.0, 19707.0, 0.0, 0.004500150680541992, 0.0, 0.0, 1.0, 0.699999988079071/
2019-04-12T11:03:20.140103,/0.0, 19704.0, 0.0, 0.004500150680541992, 0.0, 0.0, 1.0, 0.699999988079071/
2019-04-12T11:03:22.701249,/0.0, 19702.5, 0.0, 0.004500150680541992, 0.0, 0.0, 1.0, 0.699999988079071/
2019-04-12T11:03:25.181391,/0.0, 19703.0, 0.0, 0.004500150680541992, 0.0, 0.0, 1.0, 0.699999988079071/
2019-04-12T11:03:27.617531,/0.0, 19703.5, 0.0, 0.004500150680541992, 0.0, 0.0, 1.0, 0.699999988079071/
2019-04-12T11:03:30.060670,/0.0, 19705.0, 0.0, 0.004500150680541992, 0.0, 0.0, 1.0, 0.699999988079071/
2019-04-12T11:03:32.503810,/0.0, 19705.0, 0.0, 0.004500150680541992, 0.0, 0.0, 1.0, 0.699999988079071/
2019-04-12T11:03:35.140961,/0.0, 19705.0, 0.0, 0.004500150680541992, 0.0, 0.0, 1.0, 0.699999988079071/
2019-04-12T11:03:37.584101,/0.0, 19703.0, 0.0, 0.004500150680541992, 0.0, 0.0, 1.0, 0.699999988079071/
2019-04-12T11:03:40.143247,/0.0, 19704.0, 0.0, 0.004500150680541992, 0.0, 0.0, 1.0, 0.699999988079071/
2019-04-12T11:03:42.618389,/0.0, 19703.5, 0.0, 0.004500150680541992, 0.0, 0.0, 1.0, 0.699999988079071/
2019-04-12T11:03:45.177535,/0.0, 19704.5, 0.0, 0.004500150680541992, 0.0, 0.0, 1.0, 0.699999988079071/
2019-04-12T11:03:47.743682,/0.0, 19706.0, 0.0, 0.004500150680541992, 0.0, 0.0, 1.0, 0.699999988079071/
2019-04-12T11:03:50.217823,/0.0, 19706.5, 0.0, 0.004500150680541992, 0.0, 0.0, 1.0, 0.699999988079071/
2019-04-12T11:03:52.660963,/0.0, 19705.0, 0.0, 0.004500150680541992, 0.0, 0.0, 1.0, 0.699999988079071/
2019-04-12T11:03:55.261112,/0.0, 19707.5, 0.0, 0.004500150680541992, 0.0, 0.0, 1.0, 0.699999988079071/
2019-04-12T11:03:57.824258,/0.0, 19706.5, 0.0, 0.004500150680541992, 0.0, 0.0, 1.0, 0.699999988079071/
2019-04-12T11:04:00.263398,/0.0, 19704.5, 0.0, 0.004500150680541992, 0.0, 0.0, 1.0, 0.699999988079071/
2019-04-12T11:04:02.822544,/0.0, 19704.5, 0.0, 0.004500150680541992, 0.0, 0.0, 1.0, 0.699999988079071/
2019-04-12T11:04:05.337688,/0.0, 19706.5, 0.0, 0.004500150680541992, 0.0, 0.0, 1.0, 0.699999988079071/
2019-04-12T11:04:07.859832,/0.0, 19705.5, 0.0, 0.004500150680541992, 0.0, 0.0, 1.0, 0.699999988079071/
2019-04-12T11:04:10.339974,/0.0, 19706.0, 0.0, 0.004500150680541992, 0.0, 0.0, 1.0, 0.699999988079071/
2019-04-12T11:04:12.904121,/0.0, 19705.5, 0.0, 0.004500150680541992, 0.0, 0.0, 1.0, 0.699999988079071/
2019-04-12T11:04:15.463267,/0.0, 19704.5, 0.0, 0.004500150680541992, 0.0, 0.0, 1.0, 0.699999988079071/
2019-04-12T11:04:18.058416,/0.0, 19704.0, 0.0, 0.004500150680541992, 0.0, 0.0, 1.0, 0.699999988079071/
2019-04-12T11:04:20.497555,/0.0, 19706.5, 0.0, 0.004500150680541992, 0.0, 0.0, 1.0, 0.699999988079071/
2019-04-12T11:04:22.985697,/0.0, 19703.0, 0.0, 0.004500150680541992, 0.0, 0.0, 1.0, 0.699999988079071/
2019-04-12T11:04:25.419837,/0.0, 19704.5, 0.0, 0.004500150680541992, 0.0, 0.0, 1.0, 0.699999988079071/
2019-04-12T11:04:27.865977,/0.0, 19704.5, 0.0, 0.004500150680541992, 0.0, 0.0, 1.0, 0.699999988079071/
2019-04-12T11:04:30.539129,/0.0, 19704.0, 0.0, 0.004500150680541992, 0.0, 0.0, 1.0, 0.699999988079071/
2019-04-12T11:04:32.980269,/0.0, 19704.0, 0.0, 0.004500150680541992, 0.0, 0.0, 1.0, 0.699999988079071/
2019-04-12T11:04:35.501413,/0.0, 19705.0, 0.0, 0.004500150680541992, 0.0, 0.0, 1.0, 0.699999988079071/
2019-04-12T11:04:37.981555,/0.0, 19706.0, 0.0, 0.004500150680541992, 0.0, 0.0, 1.0, 0.699999988079071/
2019-04-12T11:04:40.585704,/0.0, 19705.0, 0.0, 0.004500150680541992, 0.0, 0.0, 1.0, 0.699999988079071/
2019-04-12T11:04:43.100848,/0.0, 19704.0, 0.0, 0.004500150680541992, 0.0, 0.0, 1.0, 0.699999988079071/
2019-04-12T11:04:45.618992,/0.0, 19705.5, 0.0, 0.004500150680541992, 0.0, 0.0, 1.0, 0.699999988079071/
2019-04-12T11:04:48.097134,/0.0, 19705.5, 0.0, 0.004500150680541992, 0.0, 0.0, 1.0, 0.699999988079071/
2019-04-12T11:04:50.622278,/0.0, 19703.0, 0.0, 0.004500150680541992, 0.0, 0.0, 1.0, 0.699999988079071/
2019-04-12T11:04:53.098420,/0.0, 19703.5, 0.0, 0.004500150680541992, 0.0, 0.0, 1.0, 0.699999988079071/
2019-04-12T11:04:55.659566,/0.0, 19705.0, 0.0, 0.004500150680541992, 0.0, 0.0, 1.0, 0.699999988079071/
2019-04-12T11:04:58.179710,/0.0, 19704.0, 0.0, 0.004500150680541992, 0.0, 0.0, 1.0, 0.699999988079071/
2019-04-12T11:05:00.816861,/0.0, 19703.5, 0.0, 0.004500150680541992, 0.0, 0.0, 1.0, 0.699999988079071/
2019-04-12T11:05:03.175996,/0.0, 19704.0, 0.0, 0.004500150680541992, 0.0, 0.0, 1.0, 0.699999988079071/
2019-04-12T11:05:05.698140,/0.0, 19706.0, 0.0, 0.004500150680541992, 0.0, 0.0, 1.0, 0.699999988079071/
2019-04-12T11:05:08.179282,/0.0, 19705.5, 0.0, 0.004500150680541992, 0.0, 0.0, 1.0, 0.699999988079071/
2019-04-12T11:05:10.700427,/0.0, 19704.5, 0.0, 0.004500150680541992, 0.0, 0.0, 1.0, 0.699999988079071/
2019-04-12T11:05:13.101564,/0.0, 19705.0, 0.0, 0.004500150680541992, 0.0, 0.0, 1.0, 0.699999988079071/
2019-04-12T11:05:15.741715,/0.0, 19703.5, 0.0, 0.004500150680541992, 0.0, 0.0, 1.0, 0.699999988079071/
2019-04-12T11:05:18.297861,/0.0, 19705.0, 0.0, 0.004500150680541992, 0.0, 0.0, 1.0, 0.699999988079071/
2019-04-12T11:05:20.782003,/0.0, 19706.0, 0.0, 0.004500150680541992, 0.0, 0.0, 1.0, 0.699999988079071/
2019-04-12T11:05:23.222143,/0.0, 19702.5, 0.0, 0.004500150680541992, 0.0, 0.0, 1.0, 0.699999988079071/
2019-04-12T11:05:25.738287,/0.0, 19703.0, 0.0, 0.004500150680541992, 0.0, 0.0, 1.0, 0.699999988079071/
2019-04-12T11:05:28.259431,/0.0, 19703.0, 0.0, 0.004500150680541992, 0.0, 0.0, 1.0, 0.699999988079071/
2019-04-12T11:05:30.735572,/0.0, 19705.0, 0.0, 0.004500150680541992, 0.0, 0.0, 1.0, 0.699999988079071/
2019-04-12T11:05:33.258717,/0.0, 19705.0, 0.0, 0.004500150680541992, 0.0, 0.0, 1.0, 0.699999988079071/
2019-04-12T11:05:35.780861,/0.0, 19703.0, 0.0, 0.004500150680541992, 0.0, 0.0, 1.0, 0.699999988079071/
2019-04-12T11:05:38.339007,/0.0, 19704.5, 0.0, 0.004500150680541992, 0.0, 0.0, 1.0, 0.699999988079071/
2019-04-12T11:05:40.860152,/0.0, 19704.5, 0.0, 0.004500150680541992, 0.0, 0.0, 1.0, 0.699999988079071/
2019-04-12T11:05:43.418298,/0.0, 19702.0, 0.0, 0.004500150680541992, 0.0, 0.0, 1.0, 0.699999988079071/
2019-04-12T11:05:46.016446,/0.0, 19705.0, 0.0, 0.004500150680541992, 0.0, 0.0, 1.0, 0.699999988079071/
2019-04-12T11:05:48.504589,/0.0, 19706.5, 0.0, 0.004500150680541992, 0.0, 0.0, 1.0, 0.699999988079071/
2019-04-12T11:05:51.057735,/0.0, 19705.0, 0.0, 0.004500150680541992, 0.0, 0.0, 1.0, 0.699999988079071/
2019-04-12T11:05:53.581879,/0.0, 19705.5, 0.0, 0.004500150680541992, 0.0, 0.0, 1.0, 0.699999988079071/
2019-04-12T11:05:56.141026,/0.0, 19705.0, 0.0, 0.004500150680541992, 0.0, 0.0, 1.0, 0.699999988079071/
2019-04-12T11:05:58.775176,/0.0, 19705.0, 0.0, 0.004500150680541992, 0.0, 0.0, 1.0, 0.699999988079071/
2019-04-12T11:06:01.297320,/0.0, 19705.0, 0.0, 0.004500150680541992, 0.0, 0.0, 1.0, 0.699999988079071/
2019-04-12T11:06:03.857467,/0.0, 19703.5, 0.0, 0.004500150680541992, 0.0, 0.0, 1.0, 0.699999988079071/
2019-04-12T11:06:06.300607,/0.0, 19704.5, 0.0, 0.004500150680541992, 0.0, 0.0, 1.0, 0.699999988079071/
2019-04-12T11:06:08.739746,/0.0, 19705.0, 0.0, 0.004500150680541992, 0.0, 0.0, 1.0, 0.699999988079071/
2019-04-12T11:06:11.338895,/0.0, 19705.5, 0.0, 0.004500150680541992, 0.0, 0.0, 1.0, 0.699999988079071/
2019-04-12T11:06:13.858039,/0.0, 19706.5, 0.0, 0.004500150680541992, 0.0, 0.0, 1.0, 0.699999988079071/
2019-04-12T11:06:16.496190,/0.0, 19705.0, 0.0, 0.004500150680541992, 0.0, 0.0, 1.0, 0.699999988079071/
2019-04-12T11:06:19.058336,/0.0, 19706.5, 0.0, 0.004500150680541992, 0.0, 0.0, 1.0, 0.699999988079071/
2019-04-12T11:06:21.657485,/0.0, 19706.0, 0.0, 0.004500150680541992, 0.0, 0.0, 1.0, 0.699999988079071/
2019-04-12T11:06:24.100625,/0.0, 19707.5, 0.0, 0.004500150680541992, 0.0, 0.0, 1.0, 0.699999988079071/
2019-04-12T11:06:26.578767,/0.0, 19703.5, 0.0, 0.004500150680541992, 0.0, 0.0, 1.0, 0.699999988079071/
2019-04-12T11:06:28.935901,/0.0, 19703.5, 0.0, 0.004500150680541992, 0.0, 0.0, 1.0, 0.699999988079071/
2019-04-12T11:06:31.418043,/0.0, 19704.5, 0.0, 0.004500150680541992, 0.0, 0.0, 1.0, 0.699999988079071/
2019-04-12T11:06:34.055194,/0.0, 19705.0, 0.0, 0.004500150680541992, 0.0, 0.0, 1.0, 0.699999988079071/
2019-04-12T11:06:36.496334,/0.0, 19705.5, 0.0, 0.004500150680541992, 0.0, 0.0, 1.0, 0.699999988079071/
2019-04-12T11:06:39.054480,/0.0, 19706.0, 0.0, 0.004500150680541992, 0.0, 0.0, 1.0, 0.699999988079071/
2019-04-12T11:06:41.539622,/0.0, 19705.5, 0.0, 0.004500150680541992, 0.0, 0.0, 1.0, 0.699999988079071/
2019-04-12T11:06:43.983762,/0.0, 19706.0, 0.0, 0.004500150680541992, 0.0, 0.0, 1.0, 0.699999988079071/
2019-04-12T11:06:46.420901,/0.0, 19707.0, 0.0, 0.004500150680541992, 0.0, 0.0, 1.0, 0.699999988079071/
2019-04-12T11:06:48.857041,/0.0, 19705.0, 0.0, 0.004500150680541992, 0.0, 0.0, 1.0, 0.699999988079071/
2019-04-12T11:06:51.259178,/0.0, 19706.0, 0.0, 0.004500150680541992, 0.0, 0.0, 1.0, 0.699999988079071/
2019-04-12T11:06:53.697318,/0.0, 19706.5, 0.0, 0.004500150680541992, 0.0, 0.0, 1.0, 0.699999988079071/
2019-04-12T11:06:56.216462,/0.0, 19706.5, 0.0, 0.004500150680541992, 0.0, 0.0, 1.0, 0.699999988079071/
2019-04-12T11:06:58.776608,/0.0, 19705.0, 0.0, 0.004500150680541992, 0.0, 0.0, 1.0, 0.699999988079071/
2019-04-12T11:07:01.260750,/0.0, 19708.0, 0.0, 0.004500150680541992, 0.0, 0.0, 1.0, 0.699999988079071/
2019-04-12T11:07:03.775894,/0.0, 19707.0, 0.0, 0.004500150680541992, 0.0, 0.0, 1.0, 0.699999988079071/
2019-04-12T11:07:06.219034,/0.0, 19705.5, 0.0, 0.004500150680541992, 0.0, 0.0, 1.0, 0.699999988079071/
2019-04-12T11:07:08.740178,/0.0, 19705.0, 0.0, 0.004500150680541992, 0.0, 0.0, 1.0, 0.699999988079071/
2019-04-12T11:07:11.137315,/0.0, 19705.5, 0.0, 0.004500150680541992, 0.0, 0.0, 1.0, 0.699999988079071/
2019-04-12T11:07:13.657459,/0.0, 19704.0, 0.0, 0.004500150680541992, 0.0, 0.0, 1.0, 0.699999988079071/
2019-04-12T11:07:16.214606,/0.0, 19706.5, 0.0, 0.004500150680541992, 0.0, 0.0, 1.0, 0.699999988079071/
2019-04-12T11:07:18.619743,/0.0, 19707.0, 0.0, 0.004500150680541992, 0.0, 0.0, 1.0, 0.699999988079071/
2019-04-12T11:07:21.134887,/0.0, 19704.0, 0.0, 0.004500150680541992, 0.0, 0.0, 1.0, 0.699999988079071/
2019-04-12T11:07:23.619029,/0.0, 19706.0, 0.0, 0.004500150680541992, 0.0, 0.0, 1.0, 0.699999988079071/
2019-04-12T11:07:26.180176,/0.0, 19705.5, 0.0, 0.004500150680541992, 0.0, 0.0, 1.0, 0.699999988079071/
2019-04-12T11:07:28.696319,/0.0, 19706.5, 0.0, 0.004500150680541992, 0.0, 0.0, 1.0, 0.699999988079071/
2019-04-12T11:07:31.057454,/0.0, 19705.0, 0.0, 0.004500150680541992, 0.0, 0.0, 1.0, 0.699999988079071/
2019-04-12T11:07:33.575599,/0.0, 19704.0, 0.0, 0.004500150680541992, 0.0, 0.0, 1.0, 0.699999988079071/
2019-04-12T11:07:36.102743,/0.0, 19706.0, 0.0, 0.004500150680541992, 0.0, 0.0, 1.0, 0.699999988079071/
2019-04-12T11:07:38.616887,/0.0, 19705.5, 0.0, 0.004500150680541992, 0.0, 0.0, 1.0, 0.699999988079071/
2019-04-12T11:07:41.020024,/0.0, 19706.0, 0.0, 0.004500150680541992, 0.0, 0.0, 1.0, 0.699999988079071/
2019-04-12T11:07:43.454164,/0.0, 19705.5, 0.0, 0.004500150680541992, 0.0, 0.0, 1.0, 0.699999988079071/
2019-04-12T11:07:46.013310,/0.0, 19705.5, 0.0, 0.004500150680541992, 0.0, 0.0, 1.0, 0.699999988079071/
2019-04-12T11:07:48.498452,/0.0, 19706.0, 0.0, 0.004500150680541992, 0.0, 0.0, 1.0, 0.699999988079071/
2019-04-12T11:07:50.976594,/0.0, 19705.5, 0.0, 0.004500150680541992, 0.0, 0.0, 1.0, 0.699999988079071/
2019-04-12T11:07:53.532740,/0.0, 19704.0, 0.0, 0.004500150680541992, 0.0, 0.0, 1.0, 0.699999988079071/
2019-04-12T11:07:55.978880,/0.0, 19706.5, 0.0, 0.004500150680541992, 0.0, 0.0, 1.0, 0.699999988079071/
2019-04-12T11:07:58.536026,/0.0, 19706.0, 0.0, 0.004500150680541992, 0.0, 0.0, 1.0, 0.699999988079071/
2019-04-12T11:08:01.062171,/0.0, 19704.5, 0.0, 0.004500150680541992, 0.0, 0.0, 1.0, 0.699999988079071/
2019-04-12T11:08:03.653319,/0.0, 19705.0, 0.0, 0.004500150680541992, 0.0, 0.0, 1.0, 0.699999988079071/
2019-04-12T11:08:06.052456,/0.0, 19705.5, 0.0, 0.004500150680541992, 0.0, 0.0, 1.0, 0.699999988079071/
